url,status,depth,redirect_to,content_type,title,title_len,meta_description,desc_len,h1,h1_count,h2_count,word_count,canonical,canonical_self,meta_robots,og_locale,lang,viewport,viewport_blocks_zoom,images_total,images_missing_alt,internal_links_out,external_links_out,raw_url_link_text,content_hash,shingle_hash,load_ms
https://adancorporate.com/en-uk/home/index.html,200,0,,text/html,"Adan Corporate | Corporate Finance, M&A, Strategy, Risk Management and Digital Services",87,Adan Corporate provides a wide range of bespoke advisory services to small and medium sized enterprises at every step of the value creation journey.,148,,0,8,2639,,no,,,,"width=device-width, initial-scale=1",,34,0,221,58,0,a87a8129ba152355,81c5d1392f933964,1425
https://adancorporate.com/en-uk/about-us/company-overview.html,200,1,,text/html,Company Overview | Adan Corporate,33,Adan Corporate provides a wide range of bespoke advisory services to small and medium sized enterprises at every step of the value creation journey.,148,,0,9,1362,,no,,,,"width=device-width, initial-scale=1",,7,0,242,5,0,684c9da3d7a2ab75,478d778b62ba6d56,816
https://adancorporate.com/en-uk/about-us/vision-mission-values.html,200,1,,text/html,"Vision, Mission, Values | Adan Corporate",40,Adan Corporate provides a wide range of bespoke advisory services to small and medium sized enterprises at every step of the value creation journey.,148,,0,6,777,,no,,,,"width=device-width, initial-scale=1",,5,0,203,5,0,dd8fc2621ffd4007,a852e836d45d016a,320
https://adancorporate.com/en-uk/about-us/the-adan-advantage.html,200,1,,text/html,The Adan Advantage | Adan Corporate,35,Adan Corporate provides a wide range of bespoke advisory services to small and medium sized enterprises at every step of the value creation journey.,148,,0,9,1051,,no,,,,"width=device-width, initial-scale=1",,7,0,203,5,0,1e40db7271c0dff8,356934551f46f0a1,333
https://adancorporate.com/en-uk/about-us/team.html,200,1,,text/html,"Adan Corporate | Corporate Finance, M&A, Strategy, Risk Management and Digital Services",87,Adan Corporate provides a wide range of bespoke advisory services to small and medium sized enterprises at every step of the value creation journey.,148,,0,5,2651,,no,,,,"width=device-width, initial-scale=1",,37,0,235,64,0,2ff57a859272832b,af73fe49700cafdf,896
https://adancorporate.com/en-uk/about-us/contact-us.html,200,1,,text/html,Contact Us | Adan Corporate,27,Adan Corporate provides a wide range of bespoke advisory services to small and medium sized enterprises at every step of the value creation journey.,148,,0,6,919,,no,,,,"width=device-width, initial-scale=1",,7,0,204,5,0,ba3c2529e9851e43,36b3324d1b2290b1,329
https://adancorporate.com/en-uk/about-us/global-locations.html,200,1,,text/html,Global Locations | Adan Corporate,33,Adan Corporate provides a wide range of bespoke advisory services to small and medium sized enterprises at every step of the value creation journey.,148,,0,6,931,,no,,,,"width=device-width, initial-scale=1",,3,0,204,5,0,0693386f5a9d726f,cb37f8974bfc64a8,284
https://adancorporate.com/en-uk/clients/clients.html,200,1,,text/html,Clients | Adan Corporate,24,Adan Corporate provides a wide range of bespoke advisory services to small and medium sized enterprises at every step of the value creation journey.,148,,0,3,1877,,no,,,,"width=device-width, initial-scale=1",,3,0,348,5,0,34ef84afa30cbc3b,454cb111312d4e9e,288
https://adancorporate.com/en-uk/clients/live-deals.html,200,1,,text/html,Live Deals | Adan Corporate,27,Adan Corporate provides a wide range of bespoke advisory services to small and medium sized enterprises at every step of the value creation journey.,148,,0,2,1596,,no,,,,"width=device-width, initial-scale=1",,2,0,203,5,0,066b2d9fc887683b,c47a4ef96f08c22f,308
https://adancorporate.com/en-uk/about-us/insights-blog.html,200,1,,text/html,Insights Blog | Adan Corporate,30,Adan Corporate provides a wide range of bespoke advisory services to small and medium sized enterprises at every step of the value creation journey.,148,,0,2,1293,,no,,,,"width=device-width, initial-scale=1",,15,0,204,70,0,5a7d4a87a48ce535,f042bed4072d15ba,286
https://adancorporate.com/en-uk/about-us/a-done-deal-adan-podcast-index.html,200,1,,text/html,A Done Deal - Adan Podcast - Index | Adan Corporate,51,Adan Corporate provides a wide range of bespoke advisory services to small and medium sized enterprises at every step of the value creation journey.,148,A DONE DEAL,2,1,1610,,no,,,,"width=device-width, initial-scale=1",,31,0,243,23,0,abb7a9e47ba467bf,c84adcedeae544da,346
https://adancorporate.com/en-uk/corporate-finance/index-corporate-finance.html,200,1,,text/html,Index - Corporate Finance | Adan Corporate,42,Adan Corporate provides a wide range of bespoke advisory services to small and medium sized enterprises at every step of the value creation journey.,148,,0,4,688,,no,,,en,"width=device-width, initial-scale=1",,25,0,226,5,0,876b9dd2c4a5a2cd,c85b9d84da5fafbc,322
https://adancorporate.com/en-uk/corporate-finance/index-equity-financing.html,200,1,,text/html,Index - Equity Financing | Adan Corporate,41,Adan Corporate provides a wide range of bespoke advisory services to small and medium sized enterprises at every step of the value creation journey.,148,,0,1,633,,no,,,en,"width=device-width, initial-scale=1",,8,0,209,5,0,de725fe6c4bd1e6c,602fdf3669874d97,341
https://adancorporate.com/en-uk/corporate-finance/private-equity-venture-capital.html,200,1,,text/html,Private Equity and Venture Capital | Adan Corporate,51,Adan Corporate provides a wide range of bespoke advisory services to small and medium sized enterprises at every step of the value creation journey.,148,,0,2,1706,,no,,,en,"width=device-width, initial-scale=1",,18,0,229,17,0,b37c4e21ba0e7ac2,da6e42013948c132,370
https://adancorporate.com/en-uk/corporate-finance/ipo.html,200,1,,text/html,IPO | Adan Corporate,20,Adan Corporate provides a wide range of bespoke advisory services to small and medium sized enterprises at every step of the value creation journey.,148,,0,2,1677,,no,,,en,"width=device-width, initial-scale=1",,8,0,233,9,0,43e3318ab912c98a,86919da87e4c9057,311
https://adancorporate.com/en-uk/corporate-finance/family-offices-investments.html,200,1,,text/html,Family Offices Investments | Adan Corporate,43,Adan Corporate provides a wide range of bespoke advisory services to small and medium sized enterprises at every step of the value creation journey.,148,,0,2,2162,,no,,,en,"width=device-width, initial-scale=1",,6,0,205,7,0,cab1527c83ae1760,02ebdfcec2e1e763,313
https://adancorporate.com/en-uk/corporate-finance/startups-growth-capital.html,200,1,,text/html,Startups - Growth Capital | Adan Corporate,42,Adan Corporate provides a wide range of bespoke advisory services to small and medium sized enterprises at every step of the value creation journey.,148,,0,2,1476,,no,,,en,"width=device-width, initial-scale=1",,10,0,219,11,0,c8aa19d6e842a0db,ae991dd13d24c378,367
https://adancorporate.com/en-uk/corporate-finance/fund-placement.html,200,1,,text/html,Fund Placement | Adan Corporate,31,Adan Corporate provides a wide range of bespoke advisory services to small and medium sized enterprises at every step of the value creation journey.,148,,0,2,1443,,no,,,en,"width=device-width, initial-scale=1",,10,0,217,10,0,961725cb7735cedd,777be0704858bf52,412
https://adancorporate.com/en-uk/corporate-finance/government-grants.html,200,1,,text/html,Government Grants | Adan Corporate,34,Adan Corporate provides a wide range of bespoke advisory services to small and medium sized enterprises at every step of the value creation journey.,148,,0,230,18408,,no,,,en,"width=device-width, initial-scale=1",,5,0,205,264,0,db05313ca7c956f5,ff14164d71e0dfde,986
https://adancorporate.com/en-uk/corporate-finance/index-debt-financing.html,200,1,,text/html,Index - Debt Financing | Adan Corporate,39,Adan Corporate provides a wide range of bespoke advisory services to small and medium sized enterprises at every step of the value creation journey.,148,,0,1,634,,no,,,en,"width=device-width, initial-scale=1",,8,0,209,5,0,57278160dc71cd8c,dbe739872712a252,404
https://adancorporate.com/en-uk/corporate-finance/debt-financing.html,200,1,,text/html,Debt Financing | Adan Corporate,31,Adan Corporate provides a wide range of bespoke advisory services to small and medium sized enterprises at every step of the value creation journey.,148,,0,2,2242,,no,,,en,"width=device-width, initial-scale=1",,17,0,240,16,0,0e4f2aebec17e191,c053953cccf4e52a,296
https://adancorporate.com/en-uk/corporate-finance/project-finance.html,200,1,,text/html,Project Finance | Adan Corporate,32,Adan Corporate provides a wide range of bespoke advisory services to small and medium sized enterprises at every step of the value creation journey.,148,,0,2,2302,,no,,,en,"width=device-width, initial-scale=1",,15,0,240,16,0,2bf71ca310ed36a7,17933f6d7c358aa5,491
https://adancorporate.com/en-uk/corporate-finance/renewable-energy-financing.html,200,1,,text/html,Renewable Energy Financing | Adan Corporate,43,Adan Corporate provides a wide range of bespoke advisory services to small and medium sized enterprises at every step of the value creation journey.,148,,0,2,2475,,no,,,en,"width=device-width, initial-scale=1",,14,0,220,13,0,fce74f9afe9d3364,58092af1d2beb10b,466
https://adancorporate.com/en-uk/corporate-finance/working-capital-and-trade-finance.html,200,1,,text/html,Working Capital and Trade Finance | Adan Corporate,50,Adan Corporate provides a wide range of bespoke advisory services to small and medium sized enterprises at every step of the value creation journey.,148,,0,2,1862,,no,,,en,"width=device-width, initial-scale=1",,15,0,241,17,0,2af3fd293a34046e,a64fee2a5106eacb,2407
https://adancorporate.com/en-uk/corporate-finance/factoring.html,200,1,,text/html,Factoring | Adan Corporate,26,Adan Corporate provides a wide range of bespoke advisory services to small and medium sized enterprises at every step of the value creation journey.,148,,0,2,1805,,no,,,en,"width=device-width, initial-scale=1",,12,0,237,13,0,906475578e54194c,10dccb23c984b9dc,607
https://adancorporate.com/en-uk/corporate-finance/invoice-discounting.html,200,1,,text/html,Invoice Discounting | Adan Corporate,36,Adan Corporate provides a wide range of bespoke advisory services to small and medium sized enterprises at every step of the value creation journey.,148,,0,2,1886,,no,,,en,"width=device-width, initial-scale=1",,14,0,239,15,0,f8fa92bf4eaa1258,8895099a63e7fae2,634
https://adancorporate.com/en-uk/corporate-finance/index-other-categories.html,200,1,,text/html,Index - Other Corporate Finance Categories | Adan Corporate,59,Adan Corporate provides a wide range of bespoke advisory services to small and medium sized enterprises at every step of the value creation journey.,148,,0,1,633,,no,,,en,"width=device-width, initial-scale=1",,6,0,207,5,0,003d3e115d2520af,4ae7405789398ec8,309
https://adancorporate.com/en-uk/corporate-finance/special-situations.html,200,1,,text/html,Special Situations | Adan Corporate,35,Adan Corporate provides a wide range of bespoke advisory services to small and medium sized enterprises at every step of the value creation journey.,148,,0,2,2156,,no,,,en,"width=device-width, initial-scale=1",,16,0,230,18,0,290b36f145a6986f,40f879c15e13373a,567
https://adancorporate.com/en-uk/corporate-finance/distressed-asset-management.html,200,1,,text/html,Distressed Asset Management | Adan Corporate,44,Adan Corporate provides a wide range of bespoke advisory services to small and medium sized enterprises at every step of the value creation journey.,148,,0,2,2011,,no,,,en,"width=device-width, initial-scale=1",,16,0,230,18,0,9c24ea748251d0f6,145a61c03fb62edc,603
https://adancorporate.com/en-uk/corporate-finance/transformation-and-restructuring.html,200,1,,text/html,Transformation and Restructuring | Adan Corporate,49,Adan Corporate provides a wide range of bespoke advisory services to small and medium sized enterprises at every step of the value creation journey.,148,,0,2,1816,,no,,,en,"width=device-width, initial-scale=1",,17,0,231,19,0,32f7d1bfb8d1e9d2,3c966e718a40332d,305
https://adancorporate.com/en-uk/corporate-finance/divestments-and-exit-planning.html,200,1,,text/html,Divestments and Exit Planning | Adan Corporate,46,Adan Corporate provides a wide range of bespoke advisory services to small and medium sized enterprises at every step of the value creation journey.,148,,0,2,1969,,no,,,en,"width=device-width, initial-scale=1",,17,0,231,19,0,dfa730247f1ed710,c9fc918ef095250c,308
https://adancorporate.com/en-uk/corporate-finance/index-other-services.html,200,1,,text/html,Index - Other Corporate Finance Services | Adan Corporate,57,Adan Corporate provides a wide range of bespoke advisory services to small and medium sized enterprises at every step of the value creation journey.,148,,0,1,637,,no,,,en,"width=device-width, initial-scale=1",,9,0,210,5,0,986c22701a265147,6eda45350087cb51,316
https://adancorporate.com/en-uk/corporate-finance/transfer-pricing.html,200,1,,text/html,Transfer Pricing | Adan Corporate,33,Adan Corporate provides a wide range of bespoke advisory services to small and medium sized enterprises at every step of the value creation journey.,148,,0,2,2044,,no,,,en,"width=device-width, initial-scale=1",,11,0,237,13,0,7841e3fb7ae821fa,aeca5ca2136bc7a2,285
https://adancorporate.com/en-uk/corporate-finance/credit-ratings-assistance.html,200,1,,text/html,Credit Ratings Assistance | Adan Corporate,42,Adan Corporate provides a wide range of bespoke advisory services to small and medium sized enterprises at every step of the value creation journey.,148,,0,2,1311,,no,,,en,"width=device-width, initial-scale=1",,6,0,232,8,0,914320b5c7153f96,a49fd52f4f4df8fe,296
https://adancorporate.com/en-uk/strategy/devil-s-advocate-and-red-teaming.html,200,1,,text/html,Devil's Advocate and Red Teaming | Adan Corporate,49,Adan Corporate provides a wide range of bespoke advisory services to small and medium sized enterprises at every step of the value creation journey.,148,,0,1,2332,,no,,,en,"width=device-width, initial-scale=1",,9,0,206,8,0,603dc99002c5f875,83124c4c37986399,306
https://adancorporate.com/en-uk/strategy/pitch-preparation-king-s-speech.html,200,1,,text/html,The King's Speech - Pitch practice | Adan Corporate,51,Adan Corporate provides a wide range of bespoke advisory services to small and medium sized enterprises at every step of the value creation journey.,148,,0,1,1774,,no,,,en,"width=device-width, initial-scale=1",,6,0,206,8,0,e91795ef9f75097c,abb89f710b7cfb48,361
https://adancorporate.com/en-uk/corporate-finance/investors-performance-enhancement.html,200,1,,text/html,Investor's Performance Enhancement | Adan Corporate,51,Adan Corporate provides a wide range of bespoke advisory services to small and medium sized enterprises at every step of the value creation journey.,148,,0,1,2390,,no,,,en,"width=device-width, initial-scale=1",,6,0,206,8,0,85d51239feb5b514,b319c8ca2006e2a6,309
https://adancorporate.com/en-uk/strategy/decision-facilitation.html,200,1,,text/html,Decision Facilitation | Adan Corporate,38,Adan Corporate provides a wide range of bespoke advisory services to small and medium sized enterprises at every step of the value creation journey.,148,,0,1,1634,,no,,,en,"width=device-width, initial-scale=1",,7,0,206,8,0,25c19d9259b15deb,c2d594f4b64402f2,298
https://adancorporate.com/en-uk/corporate-finance/commercial-mediation.html,200,1,,text/html,Commercial Mediation | Adan Corporate,37,Adan Corporate provides a wide range of bespoke advisory services to small and medium sized enterprises at every step of the value creation journey.,148,,0,1,1806,,no,,,en,"width=device-width, initial-scale=1",,9,0,206,8,0,2bd544e93612ddbf,e985f838fb5ae1bc,326
https://adancorporate.com/en-uk/m-and-a/index-m-and-a.html,200,1,,text/html,Index - Mergers and Acquisitions | Adan Corporate,49,Adan Corporate provides a wide range of bespoke advisory services to small and medium sized enterprises at every step of the value creation journey.,148,,0,5,679,,no,,,en,"width=device-width, initial-scale=1",,20,0,221,5,0,a65fa7cfcd8aedc4,1bdddae34fecea3e,291
https://adancorporate.com/en-uk/m-and-a/index-buy-a-business.html,200,1,,text/html,Index - Buy a Business | Adan Corporate,39,Adan Corporate provides a wide range of bespoke advisory services to small and medium sized enterprises at every step of the value creation journey.,148,,0,1,638,,no,,,en,"width=device-width, initial-scale=1",,9,0,210,5,0,96754b78c9f245e9,a2ae899ae1b18549,1144
https://adancorporate.com/en-uk/m-and-a/buy-a-business.html,200,1,,text/html,Buy a Business M&A Buy-side | Adan Corporate,44,Adan Corporate provides a wide range of bespoke advisory services to small and medium sized enterprises at every step of the value creation journey.,148,,0,2,2319,,no,,,en,"width=device-width, initial-scale=1",,17,0,238,18,0,9dc3bbd1fef27e90,9c17f45cf2466a4b,365
https://adancorporate.com/en-uk/m-and-a/manda-synergies.html,200,1,,text/html,M&A Synergies | Adan Corporate,30,Adan Corporate provides a wide range of bespoke advisory services to small and medium sized enterprises at every step of the value creation journey.,148,,0,2,2305,,no,,,en,"width=device-width, initial-scale=1",,17,0,238,18,0,ca4c669bdd487e6c,ae0eaeca656138c8,363
https://adancorporate.com/en-uk/m-and-a/mbos-and-mbis.html,200,1,,text/html,MBOs and MBIs | Adan Corporate,30,Adan Corporate provides a wide range of bespoke advisory services to small and medium sized enterprises at every step of the value creation journey.,148,,0,2,1951,,no,,,en,"width=device-width, initial-scale=1",,10,0,231,11,0,0ce8343a79b8adb7,83f746936acaacf7,286
https://adancorporate.com/en-uk/m-and-a/leveraged-buy-outs-lbos.html,200,1,,text/html,Leveraged Buy-Outs (LBOs) | Adan Corporate,42,Adan Corporate provides a wide range of bespoke advisory services to small and medium sized enterprises at every step of the value creation journey.,148,,0,2,1907,,no,,,en,"width=device-width, initial-scale=1",,15,0,235,15,0,525b5073e7ace400,37ce5d3fee656256,352
https://adancorporate.com/en-uk/coaching/leadership-assessment.html,200,1,,text/html,Leadership Assessment | Adan Corporate,38,Adan Corporate provides a wide range of bespoke advisory services to small and medium sized enterprises at every step of the value creation journey.,148,,0,1,1824,,no,,,en,"width=device-width, initial-scale=1",,7,0,206,8,0,8f6f2f31690215d8,a5811cdf6d1083ca,355
https://adancorporate.com/en-uk/m-and-a/index-sell-your-business.html,200,1,,text/html,Index - Sell your Business | Adan Corporate,43,Adan Corporate provides a wide range of bespoke advisory services to small and medium sized enterprises at every step of the value creation journey.,148,,0,1,632,,no,,,en,"width=device-width, initial-scale=1",,7,0,208,5,0,722a1d8ce9ab0e67,75f638748c10c919,311
https://adancorporate.com/en-uk/m-and-a/sell-your-business.html,200,1,,text/html,Sell Your Business M&A Sell-side | Adan Corporate,49,Adan Corporate provides a wide range of bespoke advisory services to small and medium sized enterprises at every step of the value creation journey.,148,,0,2,2798,,no,,,en,"width=device-width, initial-scale=1",,21,0,242,22,0,b61543f2713bfd84,7b35abda647dc8f0,285
https://adancorporate.com/en-uk/m-and-a/manda-company-valuation.html,200,1,,text/html,Company Valuation | Adan Corporate,34,Adan Corporate provides a wide range of bespoke advisory services to small and medium sized enterprises at every step of the value creation journey.,148,,0,2,1935,,no,,,en,"width=device-width, initial-scale=1",,13,0,220,15,0,8831952bc80b570b,82d6d1e49f94f1c9,286
https://adancorporate.com/en-uk/m-and-a/deal-strategy.html,200,1,,text/html,Deal Strategy | Adan Corporate,30,Adan Corporate provides a wide range of bespoke advisory services to small and medium sized enterprises at every step of the value creation journey.,148,,0,2,2197,,no,,,en,"width=device-width, initial-scale=1",,17,0,238,18,0,ae5e617868311bc0,8876b3d0f5323374,309
https://adancorporate.com/en-uk/m-and-a/index-mergers.html,200,1,,text/html,Index - Mergers | Adan Corporate,32,Adan Corporate provides a wide range of bespoke advisory services to small and medium sized enterprises at every step of the value creation journey.,148,,0,1,624,,no,,,en,"width=device-width, initial-scale=1",,5,0,206,5,0,9734a345177ed86a,611b6262888d3cfb,295
https://adancorporate.com/en-uk/m-and-a/mergers.html,200,1,,text/html,Mergers | Adan Corporate,24,Adan Corporate provides a wide range of bespoke advisory services to small and medium sized enterprises at every step of the value creation journey.,148,,0,2,2438,,no,,,en,"width=device-width, initial-scale=1",,16,0,237,17,0,a7bab48d5cdd0494,8c0be5d5e9821b95,287
https://adancorporate.com/en-uk/m-and-a/post-merger-integration-pmi.html,200,1,,text/html,Post-Merger Integration (PMI) | Adan Corporate,46,Adan Corporate provides a wide range of bespoke advisory services to small and medium sized enterprises at every step of the value creation journey.,148,,0,2,2250,,no,,,en,"width=device-width, initial-scale=1",,17,0,238,18,0,22ea5573c4455210,dc047793da5459e9,347
https://adancorporate.com/en-uk/m-and-a/index-alliances-jvs-partnerships.html,200,1,,text/html,"Index - Alliances, JVs & Partnerships | Adan Corporate",54,Adan Corporate provides a wide range of bespoke advisory services to small and medium sized enterprises at every step of the value creation journey.,148,,0,1,625,,no,,,en,"width=device-width, initial-scale=1",,5,0,206,5,0,f5e3707052938f9f,aa1ff118ac54e459,326
https://adancorporate.com/en-uk/m-and-a/alliances.html,200,1,,text/html,Alliances | Adan Corporate,26,Adan Corporate provides a wide range of bespoke advisory services to small and medium sized enterprises at every step of the value creation journey.,148,,0,2,1812,,no,,,en,"width=device-width, initial-scale=1",,10,0,232,12,0,6dcb65fa31dccaca,d2130fc3fcd35bf2,309
https://adancorporate.com/en-uk/m-and-a/joint-ventures.html,200,1,,text/html,Joint Ventures | Adan Corporate,31,Adan Corporate provides a wide range of bespoke advisory services to small and medium sized enterprises at every step of the value creation journey.,148,,0,2,2068,,no,,,en,"width=device-width, initial-scale=1",,11,0,232,12,0,00db05e1b4ae8772,c8ec0966687ef350,287
https://adancorporate.com/en-uk/m-and-a/partnerships.html,200,1,,text/html,Partnerships | Adan Corporate,29,Adan Corporate provides a wide range of bespoke advisory services to small and medium sized enterprises at every step of the value creation journey.,148,,0,2,1932,,no,,,en,"width=device-width, initial-scale=1",,10,0,217,12,0,bd99cd5eac0f08d3,01959fbbb3cb1459,284
https://adancorporate.com/en-uk/strategy/index-strategy.html,200,1,,text/html,Index - Strategy | Adan Corporate,33,Adan Corporate provides a wide range of bespoke advisory services to small and medium sized enterprises at every step of the value creation journey.,148,,0,5,687,,no,,,en,"width=device-width, initial-scale=1",,24,0,225,5,0,53ec57ce8e0f74a5,15311a9f71f598fb,283
https://adancorporate.com/en-uk/strategy/index-strategy-and-planning.html,200,1,,text/html,Index - Strategy & Planning | Adan Corporate,44,Adan Corporate provides a wide range of bespoke advisory services to small and medium sized enterprises at every step of the value creation journey.,148,,0,1,634,,no,,,en,"width=device-width, initial-scale=1",,9,0,210,5,0,34935ac980272b04,ead452c1f7fdab76,278
https://adancorporate.com/en-uk/strategy/deal-strategy-and-planning.html,200,1,,text/html,Deal Strategy | Adan Corporate,30,Adan Corporate provides a wide range of bespoke advisory services to small and medium sized enterprises at every step of the value creation journey.,148,,0,2,2252,,no,,,en,"width=device-width, initial-scale=1",,18,0,239,19,0,bcbc6a671ac11c6e,164fcc2807c23a39,297
https://adancorporate.com/en-uk/strategy/business-strategy-and-planning.html,200,1,,text/html,Business Strategy | Adan Corporate,34,Adan Corporate provides a wide range of bespoke advisory services to small and medium sized enterprises at every step of the value creation journey.,148,,0,1,1591,,no,,,en,"width=device-width, initial-scale=1",,12,0,212,14,0,239c057924abe636,a15deee33da76a49,331
https://adancorporate.com/en-uk/strategy/corporate-strategy-and-planning.html,200,1,,text/html,Corporate Strategy | Adan Corporate,35,Adan Corporate provides a wide range of bespoke advisory services to small and medium sized enterprises at every step of the value creation journey.,148,,0,1,1545,,no,,,en,"width=device-width, initial-scale=1",,14,0,212,14,0,9e0cf2e071f984c2,25a2b3e3e668d79a,286
https://adancorporate.com/en-uk/strategy/growth-strategy-and-planning.html,200,1,,text/html,Growth Strategy | Adan Corporate,32,Adan Corporate provides a wide range of bespoke advisory services to small and medium sized enterprises at every step of the value creation journey.,148,,0,1,1591,,no,,,en,"width=device-width, initial-scale=1",,12,0,211,13,0,f1845dc84d7ef4cb,77ea7d8ac4e6d036,324
https://adancorporate.com/en-uk/strategy/marketing-strategy-and-planning.html,200,1,,text/html,Marketing Strategy | Adan Corporate,35,Adan Corporate provides a wide range of bespoke advisory services to small and medium sized enterprises at every step of the value creation journey.,148,,0,1,1706,,no,,,en,"width=device-width, initial-scale=1",,8,0,207,9,0,99ca252f6c297061,d8b84c08ac3824ce,283
https://adancorporate.com/en-uk/strategy/risk-strategy-and-planning.html,200,1,,text/html,Risk Management Strategy | Adan Corporate,41,Adan Corporate provides a wide range of bespoke advisory services to small and medium sized enterprises at every step of the value creation journey.,148,,0,1,1592,,no,,,en,"width=device-width, initial-scale=1",,12,0,211,13,0,9281928bbe506e20,60d2f74c9e3f5c28,289
https://adancorporate.com/en-uk/strategy/international-expansion.html,200,1,,text/html,International Expansion | Adan Corporate,40,Adan Corporate provides a wide range of bespoke advisory services to small and medium sized enterprises at every step of the value creation journey.,148,,0,1,1509,,no,,,en,"width=device-width, initial-scale=1",,10,0,209,11,0,178ee1b828f75afa,a5296c6f1bb21471,342
https://adancorporate.com/en-uk/strategy/index-strategy-services.html,200,1,,text/html,Index - Strategy Services | Adan Corporate,42,Adan Corporate provides a wide range of bespoke advisory services to small and medium sized enterprises at every step of the value creation journey.,148,,0,1,630,,no,,,en,"width=device-width, initial-scale=1",,7,0,208,5,0,b117cf0ec7b48516,27473b62209944e3,310
https://adancorporate.com/en-uk/strategy/geopolitical-strategy.html,200,1,,text/html,Geopolitical Strategy | Adan Corporate,38,Adan Corporate provides a wide range of bespoke advisory services to small and medium sized enterprises at every step of the value creation journey.,148,,0,1,1532,,no,,,en,"width=device-width, initial-scale=1",,6,0,206,8,0,8b00c7fed2a15a30,6a341049f3e0a64f,453
https://adancorporate.com/en-uk/strategy/future-visioning.html,200,1,,text/html,Future Visioning | Adan Corporate,33,Adan Corporate provides a wide range of bespoke advisory services to small and medium sized enterprises at every step of the value creation journey.,148,,0,1,1901,,no,,,en,"width=device-width, initial-scale=1",,9,0,206,8,0,def9e27d024442c8,970101fc986065a6,313
https://adancorporate.com/en-uk/strategy/index-ned-board-advisory.html,200,1,,text/html,Index - NED & Board Advisory | Adan Corporate,45,Adan Corporate provides a wide range of bespoke advisory services to small and medium sized enterprises at every step of the value creation journey.,148,,0,1,628,,no,,,en,"width=device-width, initial-scale=1",,5,0,206,5,0,df9d384550065b6e,7d53118d509336a4,322
https://adancorporate.com/en-uk/strategy/non-executive-directors-ned.html,200,1,,text/html,Non-Executive Directors (NED) | Adan Corporate,46,Adan Corporate provides a wide range of bespoke advisory services to small and medium sized enterprises at every step of the value creation journey.,148,,0,1,2162,,no,,,en,"width=device-width, initial-scale=1",,14,0,214,16,0,dd0d1627a738c514,26291ddb8008d276,347
https://adancorporate.com/en-uk/strategy/board-advisors.html,200,1,,text/html,Board Advisors | Adan Corporate,31,Adan Corporate provides a wide range of bespoke advisory services to small and medium sized enterprises at every step of the value creation journey.,148,,0,1,1828,,no,,,en,"width=device-width, initial-scale=1",,14,0,214,16,0,d78911a1ce22b41b,8db15c53b8cca0a2,301
https://adancorporate.com/en-uk/strategy/mentors.html,200,1,,text/html,Mentors | Adan Corporate,24,Adan Corporate provides a wide range of bespoke advisory services to small and medium sized enterprises at every step of the value creation journey.,148,,0,0,1104,,no,,,en,"width=device-width, initial-scale=1",,3,0,203,5,0,7611951ce84dac48,227fd90076fd8a1d,399
https://adancorporate.com/en-uk/strategy/index-interim-management.html,200,1,,text/html,Index - Interim Management | Adan Corporate,43,Adan Corporate provides a wide range of bespoke advisory services to small and medium sized enterprises at every step of the value creation journey.,148,,0,1,637,,no,,,en,"width=device-width, initial-scale=1",,9,0,210,5,0,b52c6e2055b135d6,754b78047ec5e8d4,364
https://adancorporate.com/en-uk/strategy/interim-ceo-managing-director.html,200,1,,text/html,Interim CFO | Adan Corporate,28,Adan Corporate provides a wide range of bespoke advisory services to small and medium sized enterprises at every step of the value creation journey.,148,,0,0,630,,no,,,en,"width=device-width, initial-scale=1",,3,0,203,5,0,5083ed6aa92bc6f6,83a326228ede07c0,355
https://adancorporate.com/en-uk/strategy/interim-cfo.html,200,1,,text/html,Interim CFO | Adan Corporate,28,Adan Corporate provides a wide range of bespoke advisory services to small and medium sized enterprises at every step of the value creation journey.,148,,0,0,630,,no,,,en,"width=device-width, initial-scale=1",,3,0,203,5,0,5083ed6aa92bc6f6,83a326228ede07c0,339
https://adancorporate.com/en-uk/strategy/interim-sales-head.html,200,1,,text/html,Interim CFO | Adan Corporate,28,Adan Corporate provides a wide range of bespoke advisory services to small and medium sized enterprises at every step of the value creation journey.,148,,0,0,630,,no,,,en,"width=device-width, initial-scale=1",,3,0,203,5,0,5083ed6aa92bc6f6,83a326228ede07c0,320
https://adancorporate.com/en-uk/strategy/interim-cmo.html,200,1,,text/html,Interim CFO | Adan Corporate,28,Adan Corporate provides a wide range of bespoke advisory services to small and medium sized enterprises at every step of the value creation journey.,148,,0,0,630,,no,,,en,"width=device-width, initial-scale=1",,3,0,203,5,0,5083ed6aa92bc6f6,83a326228ede07c0,355
https://adancorporate.com/en-uk/strategy/interim-coo.html,200,1,,text/html,Interim CFO | Adan Corporate,28,Adan Corporate provides a wide range of bespoke advisory services to small and medium sized enterprises at every step of the value creation journey.,148,,0,0,630,,no,,,en,"width=device-width, initial-scale=1",,3,0,203,5,0,5083ed6aa92bc6f6,83a326228ede07c0,285
https://adancorporate.com/en-uk/strategy/interim-cto.html,200,1,,text/html,Interim CFO | Adan Corporate,28,Adan Corporate provides a wide range of bespoke advisory services to small and medium sized enterprises at every step of the value creation journey.,148,,0,0,630,,no,,,en,"width=device-width, initial-scale=1",,3,0,203,5,0,5083ed6aa92bc6f6,83a326228ede07c0,307
https://adancorporate.com/en-uk/strategy/interim-cro.html,200,1,,text/html,Interim CFO | Adan Corporate,28,Adan Corporate provides a wide range of bespoke advisory services to small and medium sized enterprises at every step of the value creation journey.,148,,0,0,630,,no,,,en,"width=device-width, initial-scale=1",,3,0,203,5,0,5083ed6aa92bc6f6,83a326228ede07c0,289
https://adancorporate.com/en-uk/risk-management/index-risk-management.html,200,1,,text/html,Index - Risk Management | Adan Corporate,40,Adan Corporate provides a wide range of bespoke advisory services to small and medium sized enterprises at every step of the value creation journey.,148,,0,7,722,,no,,,en,"width=device-width, initial-scale=1",,28,0,229,5,0,2c775af12f21cdb6,c9ee11300dd5d758,351
https://adancorporate.com/en-uk/risk-management/index-enterprise-risk.html,200,1,,text/html,Index - Enterprise Risk | Adan Corporate,40,Adan Corporate provides a wide range of bespoke advisory services to small and medium sized enterprises at every step of the value creation journey.,148,,0,1,632,,no,,,en,"width=device-width, initial-scale=1",,7,0,208,5,0,ac0e25812bf41499,5b046267351cf1a8,358
https://adancorporate.com/en-uk/risk-management/enterprise-risk-management.html,200,1,,text/html,Enterprise Risk Management | Adan Corporate,43,Adan Corporate provides a wide range of bespoke advisory services to small and medium sized enterprises at every step of the value creation journey.,148,,0,1,1948,,no,,,en,"width=device-width, initial-scale=1",,12,0,210,12,0,2ccc6a65306c9cbe,64c563d64ce7deb3,283
https://adancorporate.com/en-uk/risk-management/risk-management-strategy.html,200,1,,text/html,Risk Management Strategy | Adan Corporate,41,Adan Corporate provides a wide range of bespoke advisory services to small and medium sized enterprises at every step of the value creation journey.,148,,0,1,1533,,no,,,en,"width=device-width, initial-scale=1",,11,0,209,11,0,adeb6f5bb047fd1b,905547e0c9cd3d46,322
https://adancorporate.com/en-uk/risk-management/operational-risk.html,200,1,,text/html,Operational Risk | Adan Corporate,33,Adan Corporate provides a wide range of bespoke advisory services to small and medium sized enterprises at every step of the value creation journey.,148,,0,1,1662,,no,,,en,"width=device-width, initial-scale=1",,11,0,210,12,0,31de24f6614da971,f92f18707c993fcb,319
https://adancorporate.com/en-uk/risk-management/risk-reporting.html,200,1,,text/html,Risk Reporting | Adan Corporate,31,Adan Corporate provides a wide range of bespoke advisory services to small and medium sized enterprises at every step of the value creation journey.,148,,0,1,2509,,no,,,en,"width=device-width, initial-scale=1",,12,0,209,11,0,94b8821a59257034,b479581102ac9c7a,313
https://adancorporate.com/en-uk/risk-management/risk-management-training.html,200,1,,text/html,Risk Management Training | Adan Corporate,41,Adan Corporate provides a wide range of bespoke advisory services to small and medium sized enterprises at every step of the value creation journey.,148,,0,1,1663,,no,,,en,"width=device-width, initial-scale=1",,11,0,209,11,0,bef06c1ec6b841e8,69430ea3c8191b65,352
https://adancorporate.com/en-uk/risk-management/index-financial-risk-management.html,200,1,,text/html,Index - Financial Risk Management | Adan Corporate,50,Adan Corporate provides a wide range of bespoke advisory services to small and medium sized enterprises at every step of the value creation journey.,148,,0,1,630,,no,,,en,"width=device-width, initial-scale=1",,6,0,207,5,0,b03baac3fd20ffc7,7b6f83c805398359,623
https://adancorporate.com/en-uk/risk-management/market-risk.html,200,1,,text/html,Market Risk | Adan Corporate,28,Adan Corporate provides a wide range of bespoke advisory services to small and medium sized enterprises at every step of the value creation journey.,148,,0,1,1877,,no,,,en,"width=device-width, initial-scale=1",,11,0,207,9,0,0a593c7d8e404028,6ba90b014af7ec04,324
https://adancorporate.com/en-uk/risk-management/credit-risk.html,200,1,,text/html,Credit Risk | Adan Corporate,28,Adan Corporate provides a wide range of bespoke advisory services to small and medium sized enterprises at every step of the value creation journey.,148,,0,1,2349,,no,,,en,"width=device-width, initial-scale=1",,14,0,209,11,0,773f20c9abce7a8a,6378ed30d8907be1,328
https://adancorporate.com/en-uk/risk-management/regulatory-risk.html,200,1,,text/html,Regulatory Risk | Adan Corporate,32,Adan Corporate provides a wide range of bespoke advisory services to small and medium sized enterprises at every step of the value creation journey.,148,,0,1,1824,,no,,,en,"width=device-width, initial-scale=1",,10,0,209,11,0,ee874ffda808f2e9,053478701337b5a5,280
https://adancorporate.com/en-uk/risk-management/treasury-liquidity-risk.html,200,1,,text/html,Treasury and Liquidity Risk | Adan Corporate,44,Adan Corporate provides a wide range of bespoke advisory services to small and medium sized enterprises at every step of the value creation journey.,148,,0,1,2143,,no,,,en,"width=device-width, initial-scale=1",,7,0,205,7,0,958a02b42e50ce84,1875b959c492da51,291
https://adancorporate.com/en-uk/risk-management/index-business-risk-management.html,200,1,,text/html,Index - Business Risk Management | Adan Corporate,49,Adan Corporate provides a wide range of bespoke advisory services to small and medium sized enterprises at every step of the value creation journey.,148,,0,1,634,,no,,,en,"width=device-width, initial-scale=1",,6,0,207,5,0,bfca575a97b9b8a0,43bcf7bd20f4229f,345
https://adancorporate.com/en-uk/risk-management/risk-management-for-pe-funds.html,200,1,,text/html,Risk Management for PE Funds | Adan Corporate,45,Adan Corporate provides a wide range of bespoke advisory services to small and medium sized enterprises at every step of the value creation journey.,148,,0,0,630,,no,,,en,"width=device-width, initial-scale=1",,3,0,203,5,0,5083ed6aa92bc6f6,83a326228ede07c0,282
https://adancorporate.com/en-uk/risk-management/risk-management-for-smes.html,200,1,,text/html,Risk Management for SMEs | Adan Corporate,41,Adan Corporate provides a wide range of bespoke advisory services to small and medium sized enterprises at every step of the value creation journey.,148,,0,0,630,,no,,,en,"width=device-width, initial-scale=1",,3,0,203,5,0,5083ed6aa92bc6f6,83a326228ede07c0,1135
https://adancorporate.com/en-uk/risk-management/geopolitical-risk.html,200,1,,text/html,Geopolitical risk | Adan Corporate,34,Adan Corporate provides a wide range of bespoke advisory services to small and medium sized enterprises at every step of the value creation journey.,148,,0,1,1462,,no,,,en,"width=device-width, initial-scale=1",,5,0,205,7,0,9b9f903da1af195f,008878d29eb50803,659
https://adancorporate.com/en-uk/risk-management/index-internal-audit.html,200,1,,text/html,Index - Internal Audit | Adan Corporate,39,Adan Corporate provides a wide range of bespoke advisory services to small and medium sized enterprises at every step of the value creation journey.,148,,0,1,623,,no,,,en,"width=device-width, initial-scale=1",,3,0,204,5,0,70a712f96d8446f4,27473b62209944e3,296
https://adancorporate.com/en-uk/risk-management/internal-audit.html,200,1,,text/html,Internal Audit | Adan Corporate,31,Adan Corporate provides a wide range of bespoke advisory services to small and medium sized enterprises at every step of the value creation journey.,148,,0,1,2126,,no,,,en,"width=device-width, initial-scale=1",,10,0,207,9,0,6ad34c8d25b646ef,6d4d1ecbd7df712b,573
https://adancorporate.com/en-uk/risk-management/index-compliance-and-regulatory.html,200,1,,text/html,Index - Compliance and Regulatory | Adan Corporate,50,Adan Corporate provides a wide range of bespoke advisory services to small and medium sized enterprises at every step of the value creation journey.,148,,0,1,629,,no,,,en,"width=device-width, initial-scale=1",,6,0,207,5,0,e1a387232a9b6694,27473b62209944e3,335
https://adancorporate.com/en-uk/risk-management/sox-advisory.html,200,1,,text/html,SOX Advisory | Adan Corporate,29,Adan Corporate provides a wide range of bespoke advisory services to small and medium sized enterprises at every step of the value creation journey.,148,,0,2,2529,,no,,,en,"width=device-width, initial-scale=1",,8,0,206,8,0,d96cfe88755069f3,fe52f06ffba93e5b,585
https://adancorporate.com/en-uk/risk-management/sox-implementation.html,200,1,,text/html,SOX Implementation | Adan Corporate,35,Adan Corporate provides a wide range of bespoke advisory services to small and medium sized enterprises at every step of the value creation journey.,148,,0,1,2235,,no,,,en,"width=device-width, initial-scale=1",,8,0,206,8,0,14f1ef69cd1c00d4,2ce7ffcfd286d4b1,649
https://adancorporate.com/en-uk/risk-management/iso-27001.html,200,1,,text/html,ISO 27001 | Adan Corporate,26,Adan Corporate provides a wide range of bespoke advisory services to small and medium sized enterprises at every step of the value creation journey.,148,,0,1,1124,,no,,,en,"width=device-width, initial-scale=1",,9,0,205,7,0,6eeb40cc8a620491,f9456010f014fb04,313
https://adancorporate.com/en-uk/risk-management/soc1-and-soc2.html,200,1,,text/html,SOC1 and SOC2 | Adan Corporate,30,Adan Corporate provides a wide range of bespoke advisory services to small and medium sized enterprises at every step of the value creation journey.,148,,0,1,1508,,no,,,en,"width=device-width, initial-scale=1",,9,0,205,7,0,16966a58f0224d83,6b15cc74e2583e50,325
https://adancorporate.com/en-uk/risk-management/index-technology-risk-and-governance.html,404,1,,text/html,Adan Corporate - 404 Page not found,35,,0,,0,0,0,,no,,,,,,1,0,0,0,0,d41d8cd98f00b204,,309
https://adancorporate.com/en-uk/risk-management/it-governance.html,200,1,,text/html,IT Governance | Adan Corporate,30,Adan Corporate provides a wide range of bespoke advisory services to small and medium sized enterprises at every step of the value creation journey.,148,,0,1,2069,,no,,,en,"width=device-width, initial-scale=1",,9,0,205,7,0,2f5ba77ea984cf04,ea519dfa35f13298,487
https://adancorporate.com/en-uk/risk-management/grc-governance-risk-and-compliance.html,200,1,,text/html,"GRC - Governance, Risk and Compliance | Adan Corporate",54,Adan Corporate provides a wide range of bespoke advisory services to small and medium sized enterprises at every step of the value creation journey.,148,,0,1,2172,,no,,,en,"width=device-width, initial-scale=1",,9,0,205,7,0,a3a58bd426754f67,5bcd6a4d35e42c70,474
https://adancorporate.com/en-uk/risk-management/erp-control-and-assurance.html,200,1,,text/html,ERP Security and Controls | Adan Corporate,42,Adan Corporate provides a wide range of bespoke advisory services to small and medium sized enterprises at every step of the value creation journey.,148,,0,1,1654,,no,,,en,"width=device-width, initial-scale=1",,8,0,205,7,0,e6fd1c1cd941b655,767a82dfa8a67c44,341
https://adancorporate.com/en-uk/risk-management/data-assurance.html,200,1,,text/html,Data Assurance | Adan Corporate,31,Adan Corporate provides a wide range of bespoke advisory services to small and medium sized enterprises at every step of the value creation journey.,148,,0,1,1517,,no,,,en,"width=device-width, initial-scale=1",,8,0,206,8,0,f5b7fcca6c0bcc65,40fab4eab5d69e91,284
https://adancorporate.com/en-uk/risk-management/business-continuity.html,200,1,,text/html,Business Continuity | Adan Corporate,36,Adan Corporate provides a wide range of bespoke advisory services to small and medium sized enterprises at every step of the value creation journey.,148,,0,1,1896,,no,,,en,"width=device-width, initial-scale=1",,7,0,205,7,0,9a357f351a078a04,4e75fa23535ee359,291
https://adancorporate.com/en-uk/risk-management/disaster-recovery-and-resilience.html,200,1,,text/html,Disaster Recovery and Resilience | Adan Corporate,49,Adan Corporate provides a wide range of bespoke advisory services to small and medium sized enterprises at every step of the value creation journey.,148,,0,1,2424,,no,,,en,"width=device-width, initial-scale=1",,7,0,205,7,0,1da8f5e3b157af4e,fd9e57304406e2d0,335
https://adancorporate.com/en-uk/risk-management/vendor-risk.html,200,1,,text/html,Vendor Risk | Adan Corporate,28,Adan Corporate provides a wide range of bespoke advisory services to small and medium sized enterprises at every step of the value creation journey.,148,,0,1,2000,,no,,,en,"width=device-width, initial-scale=1",,8,0,205,7,0,1167758e1582f057,04cf5bc488926017,302
https://adancorporate.com/en-uk/risk-management/cloud-risk.html,200,1,,text/html,Cloud Risk | Adan Corporate,27,Adan Corporate provides a wide range of bespoke advisory services to small and medium sized enterprises at every step of the value creation journey.,148,,0,0,630,,no,,,en,"width=device-width, initial-scale=1",,3,0,203,5,0,5083ed6aa92bc6f6,83a326228ede07c0,324
https://adancorporate.com/en-uk/coaching/index-coaching.html,200,1,,text/html,Index - Coaching | Adan Corporate,33,Adan Corporate provides a wide range of bespoke advisory services to small and medium sized enterprises at every step of the value creation journey.,148,,0,3,676,,no,,,en,"width=device-width, initial-scale=1",,21,0,221,5,0,cd745e07a72d27e4,bc91de4f39d60757,336
https://adancorporate.com/en-uk/coaching/index-executive-coaching.html,200,1,,text/html,Interim CFO | Adan Corporate,28,Adan Corporate provides a wide range of bespoke advisory services to small and medium sized enterprises at every step of the value creation journey.,148,,0,1,646,,no,,,en,"width=device-width, initial-scale=1",,11,0,212,5,0,6b4becb6efcf7729,e74606b5c9b75d87,288
https://adancorporate.com/en-uk/coaching/executive-coaching.html,200,1,,text/html,Executive Coaching | Adan Corporate,35,Adan Corporate provides a wide range of bespoke advisory services to small and medium sized enterprises at every step of the value creation journey.,148,,0,1,1290,,no,,,en,"width=device-width, initial-scale=1",,6,0,206,8,0,dcb3477b485b727a,576ee3fcb1cda717,309
https://adancorporate.com/en-uk/coaching/mentoring.html,200,1,,text/html,Mentoring | Adan Corporate,26,Adan Corporate provides a wide range of bespoke advisory services to small and medium sized enterprises at every step of the value creation journey.,148,,0,0,1104,,no,,,en,"width=device-width, initial-scale=1",,3,0,203,5,0,d690c8774870460b,227fd90076fd8a1d,297
https://adancorporate.com/en-uk/coaching/team-coaching.html,200,1,,text/html,Team Coaching | Adan Corporate,30,Adan Corporate provides a wide range of bespoke advisory services to small and medium sized enterprises at every step of the value creation journey.,148,,0,1,1528,,no,,,en,"width=device-width, initial-scale=1",,7,0,206,8,0,4d638bc8583261ac,4d26da138729d08d,290
https://adancorporate.com/en-uk/coaching/building-coaching-cultures.html,200,1,,text/html,Building Coaching Cultures | Adan Corporate,43,Adan Corporate provides a wide range of bespoke advisory services to small and medium sized enterprises at every step of the value creation journey.,148,,0,1,1527,,no,,,en,"width=device-width, initial-scale=1",,6,0,205,7,0,9d0b916d37367a44,bfbff4a03fa7139b,302
https://adancorporate.com/en-uk/coaching/assess-and-improve-business-relationships.html,200,1,,text/html,Assess & Improve business relationships | Adan Corporate,56,Adan Corporate provides a wide range of bespoke advisory services to small and medium sized enterprises at every step of the value creation journey.,148,,0,1,1914,,no,,,en,"width=device-width, initial-scale=1",,6,0,206,8,0,021535f0bd36f406,68c50dc37ec1c9d9,381
https://adancorporate.com/en-uk/coaching/purpose-assessment-and-facilitation.html,200,1,,text/html,Purpose Assessment and Facilitation | Adan Corporate,52,Adan Corporate provides a wide range of bespoke advisory services to small and medium sized enterprises at every step of the value creation journey.,148,,0,1,1754,,no,,,en,"width=device-width, initial-scale=1",,6,0,206,8,0,a683daef53fc23a3,76ce0beb8c71a025,330
https://adancorporate.com/en-uk/coaching/authentic-performance-measures.html,404,1,,text/html,Adan Corporate - 404 Page not found,35,,0,,0,0,0,,no,,,,,,1,0,0,0,0,d41d8cd98f00b204,,323
https://adancorporate.com/en-uk/coaching/index-leadership.html,200,1,,text/html,Index - Leadership | Adan Corporate,35,Adan Corporate provides a wide range of bespoke advisory services to small and medium sized enterprises at every step of the value creation journey.,148,,0,1,639,,no,,,en,"width=device-width, initial-scale=1",,10,0,211,5,0,5daadeeae1b2803c,45a7fd16dced31f9,354
https://adancorporate.com/en-uk/coaching/leadership-identity.html,200,1,,text/html,Leadership Identity | Adan Corporate,36,Adan Corporate provides a wide range of bespoke advisory services to small and medium sized enterprises at every step of the value creation journey.,148,,0,1,1485,,no,,,en,"width=device-width, initial-scale=1",,7,0,206,8,0,c4243d006a2abba7,f3d3c583da9b4db2,420
https://adancorporate.com/en-uk/coaching/leadership-development.html,200,1,,text/html,Leadership Development | Adan Corporate,39,Adan Corporate provides a wide range of bespoke advisory services to small and medium sized enterprises at every step of the value creation journey.,148,,0,1,3024,,no,,,en,"width=device-width, initial-scale=1",,7,0,206,8,0,7596dae4edb23335,ec3eb7e1b907b523,317
https://adancorporate.com/en-uk/startups/entrepreneurial-leadership-toolbox.html,200,1,,text/html,Entrepreneurial Leadership Toolbox | Adan Corporate,51,Adan Corporate provides a wide range of bespoke advisory services to small and medium sized enterprises at every step of the value creation journey.,148,,0,1,1510,,no,,,en,"width=device-width, initial-scale=1",,6,0,206,8,0,b4a729ea4fcf8b68,53e0e6df265bc2d6,326
https://adancorporate.com/en-uk/coaching/leadership-and-business-values.html,200,1,,text/html,Leadership and Business Values | Adan Corporate,47,Adan Corporate provides a wide range of bespoke advisory services to small and medium sized enterprises at every step of the value creation journey.,148,,0,1,2718,,no,,,en,"width=device-width, initial-scale=1",,6,0,206,8,0,23264c80129fd6dc,bcf201e24f90774d,336
https://adancorporate.com/en-uk/coaching/principled-negotiation-skills.html,200,1,,text/html,Principled Negotiation Skills | Adan Corporate,46,Adan Corporate provides a wide range of bespoke advisory services to small and medium sized enterprises at every step of the value creation journey.,148,,0,1,1514,,no,,,en,"width=device-width, initial-scale=1",,9,0,209,11,0,a910832e217535a4,7d8330b002625284,334
https://adancorporate.com/en-uk/coaching/cultural-intelligence-cq.html,200,1,,text/html,Cultural Intelligence (CQ) | Adan Corporate,43,Adan Corporate provides a wide range of bespoke advisory services to small and medium sized enterprises at every step of the value creation journey.,148,,0,1,1766,,no,,,en,"width=device-width, initial-scale=1",,7,0,206,8,0,cc39117dfa634c06,e3542c2a8a469e99,286
https://adancorporate.com/en-uk/coaching/index-careers.html,200,1,,text/html,Index - Career Progression | Adan Corporate,43,Adan Corporate provides a wide range of bespoke advisory services to small and medium sized enterprises at every step of the value creation journey.,148,,0,1,627,,no,,,en,"width=device-width, initial-scale=1",,5,0,206,5,0,b30499fc84a3bbec,65b8cc623edf70d0,311
https://adancorporate.com/en-uk/coaching/career-transition.html,200,1,,text/html,Career Transition | Adan Corporate,34,Adan Corporate provides a wide range of bespoke advisory services to small and medium sized enterprises at every step of the value creation journey.,148,,0,1,1842,,no,,,en,"width=device-width, initial-scale=1",,9,0,205,7,0,d46289ba2ef72445,1e535c51974d27eb,971
https://adancorporate.com/en-uk/coaching/career-identity.html,200,1,,text/html,Career Identity | Adan Corporate,32,Adan Corporate provides a wide range of bespoke advisory services to small and medium sized enterprises at every step of the value creation journey.,148,,0,1,1486,,no,,,en,"width=device-width, initial-scale=1",,6,0,205,7,0,b2a7f506e632816a,f1b1c22949add79a,288
https://adancorporate.com/en-uk/coaching/transitioning-into-an-entrepreneur.html,200,1,,text/html,Transitioning into an Entrepreneur | Adan Corporate,51,Adan Corporate provides a wide range of bespoke advisory services to small and medium sized enterprises at every step of the value creation journey.,148,,0,1,1252,,no,,,en,"width=device-width, initial-scale=1",,5,0,116,5,0,decb6b581e455b38,9cb3c12cd13f5491,327
https://adancorporate.com/en-uk/startups/index-startups.html,200,1,,text/html,Index - Startups | Adan Corporate,33,Adan Corporate provides a wide range of bespoke advisory services to small and medium sized enterprises at every step of the value creation journey.,148,,0,4,669,,no,,,en,"width=device-width, initial-scale=1",,14,0,215,5,0,03d09f01c677643d,26e159120c3ec8ff,307
https://adancorporate.com/en-uk/startups/index-entrepreneurship.html,200,1,,text/html,Index - Entrepreneurship | Adan Corporate,41,Adan Corporate provides a wide range of bespoke advisory services to small and medium sized enterprises at every step of the value creation journey.,148,,0,1,634,,no,,,en,"width=device-width, initial-scale=1",,7,0,208,5,0,13e4d6411688009d,75f638748c10c919,429
https://adancorporate.com/en-uk/startups/applied-entrepreneurship.html,200,1,,text/html,Applied Entrepreneurship | Adan Corporate,41,Adan Corporate provides a wide range of bespoke advisory services to small and medium sized enterprises at every step of the value creation journey.,148,,0,1,1295,,no,,,en,"width=device-width, initial-scale=1",,5,0,205,7,0,da9ab65548ca61d5,7902c5f9b5dfcc52,340
https://adancorporate.com/en-uk/startups/entrepreneurial-mindset-and-leadership.html,200,1,,text/html,Entrepreneurial Mindset and Leadership | Adan Corporate,55,Adan Corporate provides a wide range of bespoke advisory services to small and medium sized enterprises at every step of the value creation journey.,148,,0,1,1508,,no,,,en,"width=device-width, initial-scale=1",,7,0,206,8,0,099f76faf7cd0295,9586372ca6c241ec,295
https://adancorporate.com/en-uk/startups/innovation-from-concept-to-product.html,200,1,,text/html,Innovation: From Concept to Product | Adan Corporate,52,Adan Corporate provides a wide range of bespoke advisory services to small and medium sized enterprises at every step of the value creation journey.,148,,0,1,1556,,no,,,en,"width=device-width, initial-scale=1",,9,0,208,10,0,2024c0b69c904332,c2437c5d4adf828e,283
https://adancorporate.com/en-uk/startups/marketing-management.html,200,1,,text/html,Marketing Management | Adan Corporate,37,Adan Corporate provides a wide range of bespoke advisory services to small and medium sized enterprises at every step of the value creation journey.,148,,0,1,1592,,no,,,en,"width=device-width, initial-scale=1",,6,0,205,7,0,89c53d4714bc98de,25d3682e42403549,335
https://adancorporate.com/en-uk/startups/index-startup-financing.html,200,1,,text/html,Index - Startup Financing | Adan Corporate,42,Adan Corporate provides a wide range of bespoke advisory services to small and medium sized enterprises at every step of the value creation journey.,148,,0,1,629,,no,,,en,"width=device-width, initial-scale=1",,5,0,206,5,0,dddb7e55ef395025,d20843e69a77dacd,417
https://adancorporate.com/en-uk/startups/financing-entrepreneurial-ventures.html,200,1,,text/html,Financing Entrepreneurial Ventures | Adan Corporate,51,Adan Corporate provides a wide range of bespoke advisory services to small and medium sized enterprises at every step of the value creation journey.,148,,0,2,1537,,no,,,en,"width=device-width, initial-scale=1",,11,0,220,12,0,6dbc018e5e9b7dcd,5b7cfc2536b853e3,294
https://adancorporate.com/en-uk/startups/managing-growing-businesses.html,200,1,,text/html,Managing Growing Businesses | Adan Corporate,44,Adan Corporate provides a wide range of bespoke advisory services to small and medium sized enterprises at every step of the value creation journey.,148,,0,1,1519,,no,,,en,"width=device-width, initial-scale=1",,8,0,208,10,0,96d866eff6f7e37a,9c57bca9839d33d7,317
https://adancorporate.com/en-uk/startups/startups-growth-capital.html,200,1,,text/html,Startups - Growth Capital | Adan Corporate,42,Adan Corporate provides a wide range of bespoke advisory services to small and medium sized enterprises at every step of the value creation journey.,148,,0,2,1476,,no,,,en,"width=device-width, initial-scale=1",,10,0,219,11,0,9a121641c24119d2,ae991dd13d24c378,659
https://adancorporate.com/en-uk/startups/index-transitioning.html,200,1,,text/html,Index - Transitioning | Adan Corporate,38,Adan Corporate provides a wide range of bespoke advisory services to small and medium sized enterprises at every step of the value creation journey.,148,,0,1,633,,no,,,en,"width=device-width, initial-scale=1",,6,0,207,5,0,2466a9ac435f8bb2,27473b62209944e3,283
https://adancorporate.com/en-uk/startups/transitioning-into-an-entrepreneur.html,200,1,,text/html,Transitioning into an Entrepreneur | Adan Corporate,51,Adan Corporate provides a wide range of bespoke advisory services to small and medium sized enterprises at every step of the value creation journey.,148,,0,1,1512,,no,,,en,"width=device-width, initial-scale=1",,8,0,205,7,0,477afc134431314f,c6ae94bc85ebc47c,318
https://adancorporate.com/en-uk/startups/entrepreneurship-for-engineers.html,200,1,,text/html,Entrepreneurship for Engineers | Adan Corporate,47,Adan Corporate provides a wide range of bespoke advisory services to small and medium sized enterprises at every step of the value creation journey.,148,,0,1,1387,,no,,,en,"width=device-width, initial-scale=1",,6,0,206,8,0,0b652bb098c762ac,e9ab4064ab1a9490,328
https://adancorporate.com/en-uk/startups/career-transition.html,200,1,,text/html,Career Transition | Adan Corporate,34,Adan Corporate provides a wide range of bespoke advisory services to small and medium sized enterprises at every step of the value creation journey.,148,,0,1,1842,,no,,,en,"width=device-width, initial-scale=1",,9,0,205,7,0,d46289ba2ef72445,1e535c51974d27eb,349
https://adancorporate.com/en-uk/digital/analytics.html,200,1,,text/html,Analytics | Adan Corporate,26,Adan Corporate provides a wide range of bespoke advisory services to small and medium sized enterprises at every step of the value creation journey.,148,,0,1,1420,,no,,,en,"width=device-width, initial-scale=1",,5,0,205,7,0,f80e45d0319f6240,f9e9f1dadd3429a9,355
https://adancorporate.com/en-uk/digital/artificial-intelligence.html,200,1,,text/html,Artificial Intelligence | Adan Corporate,40,Adan Corporate provides a wide range of bespoke advisory services to small and medium sized enterprises at every step of the value creation journey.,148,,0,1,1557,,no,,,en,"width=device-width, initial-scale=1",,5,0,205,7,0,02c26531d9c1d27b,2e91743d7f007cca,311
https://adancorporate.com/en-uk/digital/blockchain-advisory.html,200,1,,text/html,Blockchain Advisory | Adan Corporate,36,Adan Corporate provides a wide range of bespoke advisory services to small and medium sized enterprises at every step of the value creation journey.,148,,0,7,1608,,no,,,en,"width=device-width, initial-scale=1",,6,0,206,8,0,da32effc3fb618aa,fb0cfb9e677a8211,386
https://adancorporate.com/en-uk/digital/internet-of-things-iot.html,200,1,,text/html,Internet of Things IoT | Adan Corporate,39,Adan Corporate provides a wide range of bespoke advisory services to small and medium sized enterprises at every step of the value creation journey.,148,,0,1,1075,,no,,,en,"width=device-width, initial-scale=1",,5,0,205,7,0,7bdb88a9d4ded73e,9689a26db891ece1,367
https://adancorporate.com/en-uk/digital/robotic-process-automation-rpa.html,200,1,,text/html,RPA - Robotic Process Automation | Adan Corporate,49,Adan Corporate provides a wide range of bespoke advisory services to small and medium sized enterprises at every step of the value creation journey.,148,,0,1,1217,,no,,,en,"width=device-width, initial-scale=1",,5,0,205,7,0,d1bd3c17f246f7e8,e099e6a90b4b7893,383
https://adancorporate.com/en-uk/digital/products-and-solutions.html,200,1,,text/html,Products and Solutions | Adan Corporate,39,Adan Corporate provides a wide range of bespoke advisory services to small and medium sized enterprises at every step of the value creation journey.,148,,0,1,803,,no,,,en,"width=device-width, initial-scale=1",,5,0,205,7,0,b49348322bd6235c,96684a76f2052152,320
https://adancorporate.com/en-uk/digital/visyond.html,200,1,,text/html,Visyond | Adan Corporate,24,Adan Corporate provides a wide range of bespoke advisory services to small and medium sized enterprises at every step of the value creation journey.,148,,0,1,1042,,no,,,en,"width=device-width, initial-scale=1",,6,0,206,9,0,066cd008963051a4,3bad504b702f0a35,298
https://adancorporate.com/en-uk/careers/careers.html,200,1,,text/html,Careers Home | Adan Corporate,29,Adan Corporate provides a wide range of bespoke advisory services to small and medium sized enterprises at every step of the value creation journey.,148,,0,4,884,,no,,,,"width=device-width, initial-scale=1",,4,0,204,5,0,279b7f3ed51a14da,db2698f4b7cccb57,335
https://adancorporate.com/en-uk/careers/organisation-culture.html,200,1,,text/html,Organisation Culture | Adan Corporate,37,Adan Corporate provides a wide range of bespoke advisory services to small and medium sized enterprises at every step of the value creation journey.,148,,0,3,736,,no,,,,"width=device-width, initial-scale=1",,4,0,204,5,0,1eb5aaf7d48df0e6,3e5a694dd0be5a63,282
https://adancorporate.com/en-uk/careers/global-presence.html,200,1,,text/html,Global Presence | Adan Corporate,32,Adan Corporate provides a wide range of bespoke advisory services to small and medium sized enterprises at every step of the value creation journey.,148,,0,3,792,,no,,,,"width=device-width, initial-scale=1",,3,0,204,5,0,901260f8505603a6,566f428c56d1209b,313
https://adancorporate.com/en-uk/careers/diversity-policy.html,200,1,,text/html,Diversity Policy | Adan Corporate,33,Adan Corporate provides a wide range of bespoke advisory services to small and medium sized enterprises at every step of the value creation journey.,148,,0,5,1107,,no,,,,"width=device-width, initial-scale=1",,5,0,204,5,0,454699701a88a8b0,086e4a6579b58fb9,367
https://adancorporate.com/en-uk/careers/experienced-hires.html,200,1,,text/html,Experienced Hires | Adan Corporate,34,Adan Corporate provides a wide range of bespoke advisory services to small and medium sized enterprises at every step of the value creation journey.,148,,0,4,909,,no,,,,"width=device-width, initial-scale=1",,2,0,204,5,0,cefac86d923e399b,f26238d0e3443177,344
https://adancorporate.com/en-uk/careers/interns.html,200,1,,text/html,Interns | Adan Corporate,24,Adan Corporate provides a wide range of bespoke advisory services to small and medium sized enterprises at every step of the value creation journey.,148,,0,4,911,,no,,,,"width=device-width, initial-scale=1",,2,0,204,5,0,9838ec696d8c77e3,4797b2099b540a5b,356
https://adancorporate.com/en-uk/about-us/alumni.html,200,1,,text/html,Alumni  | Adan Corporate,24,Adan Corporate provides a wide range of bespoke advisory services to small and medium sized enterprises at every step of the value creation journey.,148,,0,3,750,,no,,,,"width=device-width, initial-scale=1",,2,0,203,5,0,052ef3218f199a58,10f4b2528e3b9d0f,346
https://adancorporate.com/en-uk/team/ajay-mavinkurve.html,200,1,,text/html,Ajay Mavinkurve | Adan Corporate,32,Adan Corporate provides a wide range of bespoke advisory services to small and medium sized enterprises at every step of the value creation journey.,148,,0,0,864,,no,,,en,"width=device-width, initial-scale=1",,3,0,229,6,0,3475d73c966eb421,2e64e18c8214e575,371
https://adancorporate.com/en-uk/team/sabapaty-suryanarayanan.html,200,1,,text/html,Sabapaty Suryanarayanan | Adan Corporate,40,Adan Corporate provides a wide range of bespoke advisory services to small and medium sized enterprises at every step of the value creation journey.,148,,0,0,865,,no,,,en,"width=device-width, initial-scale=1",,3,0,227,6,0,1af55e6367514025,ee348ec8f967405b,281
https://adancorporate.com/en-uk/team/thomas-peutz.html,200,1,,text/html,Thomas Peutz | Adan Corporate,29,Adan Corporate provides a wide range of bespoke advisory services to small and medium sized enterprises at every step of the value creation journey.,148,,0,0,917,,no,,,en,"width=device-width, initial-scale=1",,3,0,226,6,0,8347f394849e84fa,f19f73e9714d4bc1,281
https://adancorporate.com/en-uk/team/roland-giebitz.html,200,1,,text/html,Roland Giebitz | Adan Corporate,31,Adan Corporate provides a wide range of bespoke advisory services to small and medium sized enterprises at every step of the value creation journey.,148,,0,0,820,,no,,,en,"width=device-width, initial-scale=1",,3,0,222,6,0,18848cc1eba98e1f,8ddf93c0ee22aa05,324
https://adancorporate.com/en-uk/team/arun-shroff.html,200,1,,text/html,ARUN SHROFF | Adan Corporate,28,Adan Corporate provides a wide range of bespoke advisory services to small and medium sized enterprises at every step of the value creation journey.,148,,0,0,803,,no,,,en,"width=device-width, initial-scale=1",,3,0,210,6,0,5878cd051496c13c,01147f456306ce4f,289
https://adancorporate.com/en-uk/team/neeraj-arora.html,200,1,,text/html,Ajay Mavinkurve | Adan Corporate,32,Adan Corporate provides a wide range of bespoke advisory services to small and medium sized enterprises at every step of the value creation journey.,148,,0,0,1263,,no,,,en,"width=device-width, initial-scale=1",,3,0,229,6,0,75dd884112b80069,eee946f5096accd1,275
https://adancorporate.com/en-uk/team/raju-venkataraman.html,200,1,,text/html,Raju Venkataraman | Adan Corporate,34,Adan Corporate provides a wide range of bespoke advisory services to small and medium sized enterprises at every step of the value creation journey.,148,,0,0,903,,no,,,en,"width=device-width, initial-scale=1",,3,0,227,6,0,bb79c9520e229833,093d495246b2fdf0,382
https://adancorporate.com/en-uk/team/george-christelis.html,200,1,,text/html,George Christelis | Adan Corporate,34,Adan Corporate provides a wide range of bespoke advisory services to small and medium sized enterprises at every step of the value creation journey.,148,,0,0,825,,no,,,en,"width=device-width, initial-scale=1",,3,0,220,6,0,931223fc6cda9f01,e1eabd229e515c30,316
https://adancorporate.com/en-uk/team/marco-salvini.html,200,1,,text/html,Marco Salvini | Adan Corporate,30,Adan Corporate provides a wide range of bespoke advisory services to small and medium sized enterprises at every step of the value creation journey.,148,,0,0,922,,no,,,en,"width=device-width, initial-scale=1",,3,0,224,6,0,acddac7426cc64e0,ed37ec0053488adc,346
https://adancorporate.com/en-uk/team/sandeep-bhat.html,200,1,,text/html,SANDEEP BHAT | Adan Corporate,29,Adan Corporate provides a wide range of bespoke advisory services to small and medium sized enterprises at every step of the value creation journey.,148,,0,0,1044,,no,,,en,"width=device-width, initial-scale=1",,3,0,211,6,0,e98a47e67959862d,0fa3ee40a91a2584,350
https://adancorporate.com/en-uk/team/freddie-tshiaba.html,200,1,,text/html,Freddie Tshiaba | Adan Corporate,32,Adan Corporate provides a wide range of bespoke advisory services to small and medium sized enterprises at every step of the value creation journey.,148,,0,0,884,,no,,,en,"width=device-width, initial-scale=1",,3,0,223,6,0,080a7cdee913bee1,e6a14bceb83ee871,365
https://adancorporate.com/en-uk/team/thu-nga-haskovcova.html,200,1,,text/html,Thu Nga Haskovcova | Adan Corporate,35,Adan Corporate provides a wide range of bespoke advisory services to small and medium sized enterprises at every step of the value creation journey.,148,,0,0,755,,no,,,en,"width=device-width, initial-scale=1",,3,0,213,6,0,2f8db3eaa65178e8,ad7aa55ae422fa4b,284
https://adancorporate.com/en-uk/team/nav-kaplish.html,200,1,,text/html,Nav Kaplish | Adan Corporate,28,Adan Corporate provides a wide range of bespoke advisory services to small and medium sized enterprises at every step of the value creation journey.,148,,0,0,792,,no,,,en,"width=device-width, initial-scale=1",,3,0,221,6,0,81e8efda274a637c,582fb5877beae848,342
https://adancorporate.com/en-uk/team/vernon-d-cruz.html,200,1,,text/html,Vernon D'Cruz | Adan Corporate,30,Adan Corporate provides a wide range of bespoke advisory services to small and medium sized enterprises at every step of the value creation journey.,148,,0,0,873,,no,,,en,"width=device-width, initial-scale=1",,3,0,221,6,0,24030408b21179b3,2599910877ad660a,2082
https://adancorporate.com/en-uk/team/sreeraman-p-s.html,200,1,,text/html,Sreeraman PS | Adan Corporate,29,Adan Corporate provides a wide range of bespoke advisory services to small and medium sized enterprises at every step of the value creation journey.,148,,0,0,805,,no,,,en,"width=device-width, initial-scale=1",,3,0,222,6,0,0527cdb583b68293,eb93b8d447fd25ca,582
https://adancorporate.com/en-uk/team/varun-nadkarni.html,200,1,,text/html,VARUN NADKARNI | Adan Corporate,31,Adan Corporate provides a wide range of bespoke advisory services to small and medium sized enterprises at every step of the value creation journey.,148,,0,0,702,,no,,,en,"width=device-width, initial-scale=1",,3,0,207,6,0,d862a86b3e60df7f,38320177d9eb8f21,542
https://adancorporate.com/en-uk/team/heena-tilwani.html,200,1,,text/html,Heena Tilwani | Adan Corporate,30,Adan Corporate provides a wide range of bespoke advisory services to small and medium sized enterprises at every step of the value creation journey.,148,,0,0,691,,no,,,en,"width=device-width, initial-scale=1",,3,0,209,6,0,0e0d95a55f39bf22,55dfbed16143ff72,319
https://adancorporate.com/en-uk/team/shreyash-gandhi.html,200,1,,text/html,Shreyash Gandhi | Adan Corporate,32,Adan Corporate provides a wide range of bespoke advisory services to small and medium sized enterprises at every step of the value creation journey.,148,,0,0,710,,no,,,en,"width=device-width, initial-scale=1",,3,0,209,4,0,04376d3324a9af39,f21dd8ae8cc5d7f7,288
https://adancorporate.com/en-uk/team/kieran-bourke.html,200,1,,text/html,Kieran Bourke | Adan Corporate,30,Adan Corporate provides a wide range of bespoke advisory services to small and medium sized enterprises at every step of the value creation journey.,148,,0,0,861,,no,,,en,"width=device-width, initial-scale=1",,3,0,217,6,0,47a2a75497d502a8,29aa6cff5b4e8d5b,290
https://adancorporate.com/en-uk/team/dipak-khot.html,200,1,,text/html,Dipak Khot | Adan Corporate,27,Adan Corporate provides a wide range of bespoke advisory services to small and medium sized enterprises at every step of the value creation journey.,148,,0,0,857,,no,,,en,"width=device-width, initial-scale=1",,3,0,222,6,0,30939950bf5bd48a,849e91be2a20a753,397
https://adancorporate.com/en-uk/legal/legal.html,200,1,,text/html,Legal | Adan Corporate,22,Adan Corporate provides a wide range of bespoke advisory services to small and medium sized enterprises at every step of the value creation journey.,148,,0,0,1753,,no,,,en,"width=device-width, initial-scale=1",,3,0,202,7,0,02f3d475c123fdfa,4d9968e7b2229e18,279
https://adancorporate.com/en-uk/legal/privacy-policy.html,200,1,,text/html,Privacy Policy | Adan Corporate,31,Adan Corporate provides a wide range of bespoke advisory services to small and medium sized enterprises at every step of the value creation journey.,148,,0,0,4127,,no,,,en,"width=device-width, initial-scale=1",,3,0,203,5,0,ccff59352105357c,488305f043604cb6,570
https://adancorporate.com/en-uk/legal/gdpr-policy.html,200,1,,text/html,GDPR Policy | Adan Corporate,28,Adan Corporate provides a wide range of bespoke advisory services to small and medium sized enterprises at every step of the value creation journey.,148,,0,0,2229,,no,,,en,"width=device-width, initial-scale=1",,4,0,202,7,0,c7d3c1d0c0d51f95,d21640d23f4b8219,327
https://adancorporate.com/en-uk/legal/diversity-policy.html,200,1,,text/html,Diversity Policy | Adan Corporate,33,Adan Corporate provides a wide range of bespoke advisory services to small and medium sized enterprises at every step of the value creation journey.,148,,0,0,979,,no,,,en,"width=device-width, initial-scale=1",,4,0,202,5,0,cde742ec0edb220c,41b7ee32649a36a9,352
https://adancorporate.com/en-uk/legal/cookie-policy.html,200,1,,text/html,Cookie Policy | Adan Corporate,30,Adan Corporate provides a wide range of bespoke advisory services to small and medium sized enterprises at every step of the value creation journey.,148,,0,0,2557,,no,,,en,"width=device-width, initial-scale=1",,3,0,204,5,0,c4d332fcacd15cd0,e4780fd84a9466ee,318
https://adancorporate.com/en-uk/legal/accessibility.html,200,1,,text/html,Accessibility Statement | Adan Corporate,40,Adan Corporate provides a wide range of bespoke advisory services to small and medium sized enterprises at every step of the value creation journey.,148,,0,0,1173,,no,,,en,"width=device-width, initial-scale=1",,3,0,210,6,0,27c78f77b53a5c7b,0425cb648d774991,308
https://adancorporate.com/en-uk/legal/sitemap.html,200,1,,text/html,Sitemap | Adan Corporate,24,Adan Corporate provides a wide range of bespoke advisory services to small and medium sized enterprises at every step of the value creation journey.,148,,0,0,616,,no,,,en,"width=device-width, initial-scale=1",,3,0,202,5,0,481354bcbd107179,6671ca88454cc5e7,355
https://adancorporate.com/en-uk/covid-19/index-covid-19-services.html,200,2,,text/html,Index - COVID-19 Services | Adan Corporate,42,Adan Corporate provides a wide range of bespoke advisory services to small and medium sized enterprises at every step of the value creation journey.,148,,0,1,649,,no,,,,"width=device-width, initial-scale=1",,9,0,210,5,0,175307c92432206d,97e73bdbbf4d24e0,363
https://adancorporate.com/en-uk/covid-19/covid-19-business-impact-analysis.html,200,2,,text/html,COVID-19 Business Impact Analysis | Adan Corporate,50,Adan Corporate provides a wide range of bespoke advisory services to small and medium sized enterprises at every step of the value creation journey.,148,,0,2,2222,,no,,,en,"width=device-width, initial-scale=1",,17,0,220,18,0,304083402644c5a7,3f97a320b97d7f3c,597
https://adancorporate.com/en-uk/covid-19/covid-19-risk-management.html,200,2,,text/html,COVID-19 Risk management | Adan Corporate,41,Adan Corporate provides a wide range of bespoke advisory services to small and medium sized enterprises at every step of the value creation journey.,148,,0,2,2702,,no,,,en,"width=device-width, initial-scale=1",,16,0,220,18,0,dabf2464ec47dad3,2b1b64a686ff4b9e,919
https://adancorporate.com/en-uk/covid-19/covid-19-cash-flow-management.html,200,2,,text/html,COVID-19 Cash Flow Management | Adan Corporate,46,Adan Corporate provides a wide range of bespoke advisory services to small and medium sized enterprises at every step of the value creation journey.,148,,0,2,2335,,no,,,en,"width=device-width, initial-scale=1",,18,0,220,18,0,d191f59b59453a13,807e1ce6490e6097,590
https://adancorporate.com/en-uk/covid-19/covid-19-restructuring.html,200,2,,text/html,COVID-19 Restructuring | Adan Corporate,39,Adan Corporate provides a wide range of bespoke advisory services to small and medium sized enterprises at every step of the value creation journey.,148,,0,2,2148,,no,,,en,"width=device-width, initial-scale=1",,18,0,220,18,0,ea2e0056ac244ead,fcd3f422e03da39f,600
https://adancorporate.com/en-uk/covid-19/covid-19-business-continuity-and-resilience.html,200,2,,text/html,COVID-19 Business continuity & resilience | Adan Corporate,58,Adan Corporate provides a wide range of bespoke advisory services to small and medium sized enterprises at every step of the value creation journey.,148,,0,2,2833,,no,,,en,"width=device-width, initial-scale=1",,17,0,220,18,0,e9b7db07e4b76fac,71fb7372d77f6b98,611
https://adancorporate.com/en-uk/covid-19/covid-19-technology-it-continuity.html,200,2,,text/html,COVID-19 Technology (IT) continuity | Adan Corporate,52,Adan Corporate provides a wide range of bespoke advisory services to small and medium sized enterprises at every step of the value creation journey.,148,,0,2,2970,,no,,,en,"width=device-width, initial-scale=1",,16,0,220,18,0,06d60a2d40733aa1,664612f6c8f53fe9,626
https://adancorporate.com/en-uk/covid-19/covid-19-uk-cbils-coronavirus-business-interruption-loan-scheme.html,200,2,,text/html,UK CBILS - Coronavirus Business Interruption Loan Scheme | Adan Corporate,73,Adan Corporate provides a wide range of bespoke advisory services to small and medium sized enterprises at every step of the value creation journey.,148,,0,2,1962,,no,,,en,"width=device-width, initial-scale=1",,11,0,215,13,0,a4939f8a37f979a6,3c7f57941656d254,281
https://adancorporate.com/en-uk/industries/hospitality-leisure.html,200,2,,text/html,Industry Page | Adan Corporate,30,Adan Corporate provides a wide range of bespoke advisory services to small and medium sized enterprises at every step of the value creation journey.,148,,0,0,627,,no,,,en,"width=device-width, initial-scale=1",,3,0,203,5,0,1dc3ff69bd3b2cc1,046e69dfef8ced2a,305
https://adancorporate.com/en-uk/industries/media-entertainment.html,200,2,,text/html,Industry Page | Adan Corporate,30,Adan Corporate provides a wide range of bespoke advisory services to small and medium sized enterprises at every step of the value creation journey.,148,,0,0,627,,no,,,en,"width=device-width, initial-scale=1",,3,0,203,5,0,1dc3ff69bd3b2cc1,046e69dfef8ced2a,282
https://adancorporate.com/en-uk/industries/insurance.html,200,2,,text/html,Industry Page | Adan Corporate,30,Adan Corporate provides a wide range of bespoke advisory services to small and medium sized enterprises at every step of the value creation journey.,148,,0,0,627,,no,,,en,"width=device-width, initial-scale=1",,3,0,203,5,0,1dc3ff69bd3b2cc1,046e69dfef8ced2a,291
https://adancorporate.com/en-uk/industries/technology.html,200,2,,text/html,Industry Page | Adan Corporate,30,Adan Corporate provides a wide range of bespoke advisory services to small and medium sized enterprises at every step of the value creation journey.,148,,0,0,627,,no,,,en,"width=device-width, initial-scale=1",,3,0,203,5,0,1dc3ff69bd3b2cc1,046e69dfef8ced2a,286
https://adancorporate.com/en-uk/m-and-a/deal-strategy,200,2,,text/html,Deal Strategy | Adan Corporate,30,Adan Corporate provides a wide range of bespoke advisory services to small and medium sized enterprises at every step of the value creation journey.,148,,0,2,2197,,no,,,en,"width=device-width, initial-scale=1",,17,0,238,18,0,ae5e617868311bc0,8876b3d0f5323374,360
https://adancorporate.com/en-uk/industries/green-energy.html,200,2,,text/html,Industry Page | Adan Corporate,30,Adan Corporate provides a wide range of bespoke advisory services to small and medium sized enterprises at every step of the value creation journey.,148,,0,0,627,,no,,,en,"width=device-width, initial-scale=1",,3,0,203,5,0,1dc3ff69bd3b2cc1,046e69dfef8ced2a,284
https://adancorporate.com/en-uk/industries/oil-gas.html,200,2,,text/html,Industry Page | Adan Corporate,30,Adan Corporate provides a wide range of bespoke advisory services to small and medium sized enterprises at every step of the value creation journey.,148,,0,0,627,,no,,,en,"width=device-width, initial-scale=1",,3,0,203,5,0,1dc3ff69bd3b2cc1,046e69dfef8ced2a,287
https://adancorporate.com/en-uk/industries/private-equity-venture-capital.html,200,2,,text/html,Private Equity and Venture Capital | Adan Corporate,51,Adan Corporate provides a wide range of bespoke advisory services to small and medium sized enterprises at every step of the value creation journey.,148,,0,2,1622,,no,,,en,"width=device-width, initial-scale=1",,16,0,227,15,0,de0b7c77006b51ef,76c324540bca38d3,340
https://adancorporate.com/en-uk/industries/metals-mining.html,200,2,,text/html,Industry Page | Adan Corporate,30,Adan Corporate provides a wide range of bespoke advisory services to small and medium sized enterprises at every step of the value creation journey.,148,,0,0,627,,no,,,en,"width=device-width, initial-scale=1",,3,0,203,5,0,1dc3ff69bd3b2cc1,046e69dfef8ced2a,330
https://adancorporate.com/en-uk/industries/chemicals-polymers.html,200,2,,text/html,Industry Page | Adan Corporate,30,Adan Corporate provides a wide range of bespoke advisory services to small and medium sized enterprises at every step of the value creation journey.,148,,0,0,627,,no,,,en,"width=device-width, initial-scale=1",,3,0,203,5,0,1dc3ff69bd3b2cc1,046e69dfef8ced2a,341
https://adancorporate.com/en-uk/industries/industrial-manufacturing.html,200,2,,text/html,Industry Page | Adan Corporate,30,Adan Corporate provides a wide range of bespoke advisory services to small and medium sized enterprises at every step of the value creation journey.,148,,0,0,627,,no,,,en,"width=device-width, initial-scale=1",,3,0,203,5,0,1dc3ff69bd3b2cc1,046e69dfef8ced2a,283
https://adancorporate.com/en-uk/team/keshav-adya.html,200,2,,text/html,Chennakeshav (Keshav) Adya | Adan Corporate,43,Adan Corporate provides a wide range of bespoke advisory services to small and medium sized enterprises at every step of the value creation journey.,148,,0,0,1230,,no,,,en,"width=device-width, initial-scale=1",,3,0,242,6,0,558c02b7416dfa7c,6aa971b280df635e,287
https://adancorporate.com/en-uk/team/mike-kemball.html,200,2,,text/html,Mike Kemball | Adan Corporate,29,Adan Corporate provides a wide range of bespoke advisory services to small and medium sized enterprises at every step of the value creation journey.,148,,0,0,848,,no,,,en,"width=device-width, initial-scale=1",,3,0,220,6,0,ea72ab9f788cadfc,c471308543e962c6,354
https://adancorporate.com/en-uk/team/edgar-garay.html,200,2,,text/html,Edgar Garay | Adan Corporate,28,Adan Corporate provides a wide range of bespoke advisory services to small and medium sized enterprises at every step of the value creation journey.,148,,0,0,802,,no,,,en,"width=device-width, initial-scale=1",,3,0,222,6,0,c9d849f1f21b8a9c,175d5428b8404bb9,304
https://adancorporate.com/en-uk/team/jean-bernard-tanqueray.html,200,2,,text/html,Jean Bernard Tanqueray | Adan Corporate,39,Adan Corporate provides a wide range of bespoke advisory services to small and medium sized enterprises at every step of the value creation journey.,148,,0,0,940,,no,,,en,"width=device-width, initial-scale=1",,3,0,222,6,0,f3b8570fa1e7bebc,33f3eb9a387ff87e,284
https://adancorporate.com/en-uk/team/craig-tingle.html,200,2,,text/html,Craig Tingle | Adan Corporate,29,Adan Corporate provides a wide range of bespoke advisory services to small and medium sized enterprises at every step of the value creation journey.,148,,0,0,908,,no,,,en,"width=device-width, initial-scale=1",,3,0,220,6,0,428338cddb4e664c,cbbfa346e4955a70,289
https://adancorporate.com/en-uk/team/preethi-hari.html,200,2,,text/html,Preethi Hari | Adan Corporate,29,Adan Corporate provides a wide range of bespoke advisory services to small and medium sized enterprises at every step of the value creation journey.,148,,0,0,776,,no,,,en,"width=device-width, initial-scale=1",,3,0,219,6,0,44ce8dfacd91bd78,8dbe9c644a810770,363
https://adancorporate.com/en-uk/team/suresh-nambiar.html,200,2,,text/html,Suresh Nambiar | Adan Corporate,31,Adan Corporate provides a wide range of bespoke advisory services to small and medium sized enterprises at every step of the value creation journey.,148,,0,0,879,,no,,,en,"width=device-width, initial-scale=1",,3,0,219,6,0,2e4a6f4c00eef97f,9b575626734b0032,438
https://adancorporate.com/en-uk/team/rauf-akhundov.html,200,2,,text/html,Rauf Akhundov | Adan Corporate,30,Adan Corporate provides a wide range of bespoke advisory services to small and medium sized enterprises at every step of the value creation journey.,148,,0,0,874,,no,,,en,"width=device-width, initial-scale=1",,3,0,215,6,0,48885f758c592faa,bd9acbc64b6acd37,277
https://adancorporate.com/en-uk/team/ajay-sethi.html,200,2,,text/html,Ajay Sethi | Adan Corporate,27,Adan Corporate provides a wide range of bespoke advisory services to small and medium sized enterprises at every step of the value creation journey.,148,,0,0,895,,no,,,en,"width=device-width, initial-scale=1",,3,0,212,6,0,ba4f59c464c8e139,cfae05671c2cc9f2,293
https://adancorporate.com/en-uk/industries/healthcare-systems-services.html,200,2,,text/html,Industry Page | Adan Corporate,30,Adan Corporate provides a wide range of bespoke advisory services to small and medium sized enterprises at every step of the value creation journey.,148,,0,0,627,,no,,,en,"width=device-width, initial-scale=1",,3,0,203,5,0,1dc3ff69bd3b2cc1,046e69dfef8ced2a,290
https://adancorporate.com/en-uk/industries/retail.html,200,2,,text/html,Industry Page | Adan Corporate,30,Adan Corporate provides a wide range of bespoke advisory services to small and medium sized enterprises at every step of the value creation journey.,148,,0,0,627,,no,,,en,"width=device-width, initial-scale=1",,3,0,203,5,0,1dc3ff69bd3b2cc1,046e69dfef8ced2a,276
https://adancorporate.com/en-uk/corporate-finance/index-working-capital.html,200,2,,text/html,Index - Working Capital | Adan Corporate,40,Adan Corporate provides a wide range of bespoke advisory services to small and medium sized enterprises at every step of the value creation journey.,148,,0,1,368,,no,,,,"width=device-width, initial-scale=1",,5,0,115,3,0,880e2faae8bfc249,3aa4447507fa34ce,308
https://adancorporate.com/en-uk/industries/pharma-life-sciences.html,200,2,,text/html,Industry Page | Adan Corporate,30,Adan Corporate provides a wide range of bespoke advisory services to small and medium sized enterprises at every step of the value creation journey.,148,,0,0,627,,no,,,en,"width=device-width, initial-scale=1",,3,0,203,5,0,1dc3ff69bd3b2cc1,046e69dfef8ced2a,311
https://adancorporate.com/en-uk/industries/agriculture.html,200,2,,text/html,Industry Page | Adan Corporate,30,Adan Corporate provides a wide range of bespoke advisory services to small and medium sized enterprises at every step of the value creation journey.,148,,0,0,627,,no,,,en,"width=device-width, initial-scale=1",,3,0,203,5,0,1dc3ff69bd3b2cc1,046e69dfef8ced2a,369
https://adancorporate.com/en-uk/industries/financial-services.html,200,2,,text/html,Industry Page | Adan Corporate,30,Adan Corporate provides a wide range of bespoke advisory services to small and medium sized enterprises at every step of the value creation journey.,148,,0,0,627,,no,,,en,"width=device-width, initial-scale=1",,3,0,203,5,0,1dc3ff69bd3b2cc1,046e69dfef8ced2a,415
https://adancorporate.com/en-uk/industries/engineering-construction.html,200,2,,text/html,Industry Page | Adan Corporate,30,Adan Corporate provides a wide range of bespoke advisory services to small and medium sized enterprises at every step of the value creation journey.,148,,0,0,627,,no,,,en,"width=device-width, initial-scale=1",,3,0,203,5,0,1dc3ff69bd3b2cc1,046e69dfef8ced2a,292
https://adancorporate.com/en-uk/about-us/www.linkedin.com/in/alfredoramosplasencia,404,2,,text/html,Adan Corporate - 404 Page not found,35,,0,,0,0,0,,no,,,,,,1,0,0,0,0,d41d8cd98f00b204,,288
https://adancorporate.com/en-uk/about-us/www.linkedin.com/in/pieter-hack-639a0a18,404,2,,text/html,Adan Corporate - 404 Page not found,35,,0,,0,0,0,,no,,,,,,1,0,0,0,0,d41d8cd98f00b204,,333
https://adancorporate.com/en-uk/insights-podcasts/a-done-deal-episode-13-pieter-hack-sustainable-energy-blue-energy-dutch-entrepreneurship-long-term-vision-altruism.html,200,2,,text/html,"A Done Deal - Ep 11 - Pieter Hack - Sustainable energy, Blue energy, Dutch entrepreneurship, Long-term vision, Altruism | Adan Corporate",136,Adan Corporate provides a wide range of bespoke advisory services to small and medium sized enterprises at every step of the value creation journey.,148,,0,1,6972,,no,,,en,"width=device-width, initial-scale=1",,18,0,207,22,0,538b2df176ab632b,1e7d5e5dda544568,687
https://adancorporate.com/en-uk/about-us/www.linkedin.com/in/rikardstrid,404,2,,text/html,Adan Corporate - 404 Page not found,35,,0,,0,0,0,,no,,,,,,1,0,0,0,0,d41d8cd98f00b204,,414
https://adancorporate.com/en-uk/insights-podcasts/a-done-deal-episode-12-rikard-strid-entrepreneurial-resilience-internet-of-things-iot-clean-energy-mental-health-sleep-meditation-bio.html,200,2,,text/html,"A Done Deal - Ep 12 - Rikard Strid - Entrepreneurial Resilience, Futurism, Sustainable energy, IoT, Bio-hacking, Mental Health, Spirituality, Sleep | Adan Corporate",164,Adan Corporate provides a wide range of bespoke advisory services to small and medium sized enterprises at every step of the value creation journey.,148,,0,1,8069,,no,,,en,"width=device-width, initial-scale=1",,18,0,207,22,0,8475b8c4b96aa658,bb4b19bb26f61d15,547
https://adancorporate.com/en-uk/insights-podcasts/a-done-deal-episode-11-tony-wheeler-entrepreneurship-sustainable-businesses-passion-stamps-time-machine-space-travel.html,200,2,,text/html,"A Done Deal - Ep 11 - Tony Wheeler - Entrepreneurship, Sustainable businesses, Passion, Stamps Time machine, Space travel | Adan Corporate",138,Adan Corporate provides a wide range of bespoke advisory services to small and medium sized enterprises at every step of the value creation journey.,148,,0,1,879,,no,,,en,"width=device-width, initial-scale=1",,18,0,207,22,0,d7135375e5c26727,9447f6a814563943,286
https://adancorporate.com/en-uk/insights-podcasts/a-done-deal-episode-9-heidi-roizen-entrepreneurship-diversity-vc-investing.html,200,2,,text/html,"A Done Deal - Ep 09 - Heidi Roizen - Entrepreneurship, Diversity, VC, and Investing | Adan Corporate",100,Adan Corporate provides a wide range of bespoke advisory services to small and medium sized enterprises at every step of the value creation journey.,148,,0,1,8091,,no,,,en,"width=device-width, initial-scale=1",,18,0,206,23,0,5ad87c22666c9a8b,89660c5e97cc1d9e,704
https://www.adancorporate.com/en-uk/team/mike-kemball.html,200,2,,text/html,Mike Kemball | Adan Corporate,29,Adan Corporate provides a wide range of bespoke advisory services to small and medium sized enterprises at every step of the value creation journey.,148,,0,0,848,,no,,,en,"width=device-width, initial-scale=1",,3,0,220,6,0,ea72ab9f788cadfc,c471308543e962c6,1384
https://adancorporate.com/en-uk/insights-podcasts/a-done-deal-episode-8-mike-kemball-push-pull-sales-strategies.html,200,2,,text/html,A Done Deal - Ep 08 - Mike Kemball - Push and Pull Sales Strategies | Adan Corporate,84,Adan Corporate provides a wide range of bespoke advisory services to small and medium sized enterprises at every step of the value creation journey.,148,,0,1,748,,no,,,en,"width=device-width, initial-scale=1",,18,0,207,22,0,2d1755043681ac63,aaae507b03db1de1,387
https://www.adancorporate.com/en-uk/team/raju-venkataraman.html,200,2,,text/html,Raju Venkataraman | Adan Corporate,34,Adan Corporate provides a wide range of bespoke advisory services to small and medium sized enterprises at every step of the value creation journey.,148,,0,0,903,,no,,,en,"width=device-width, initial-scale=1",,3,0,227,6,0,bb79c9520e229833,093d495246b2fdf0,287
https://adancorporate.com/en-uk/insights-podcasts/a-done-deal-episode-7-raju-venkataraman-negotiations-part-2.html,200,2,,text/html,A Done Deal - Ep 07 - Raju Venkataraman - The Art and Science of Negotiation - Part 2 | Adan Corporate,102,Adan Corporate provides a wide range of bespoke advisory services to small and medium sized enterprises at every step of the value creation journey.,148,,0,1,1721,,no,,,en,"width=device-width, initial-scale=1",,18,0,207,22,0,d51a816a177fbad5,da2ba6b4200b29cb,282
https://adancorporate.com/en-uk/insights-podcasts/a-done-deal-episode-6-raju-venkataraman-negotiations-part-1.html,200,2,,text/html,A Done Deal - Ep 06 - Raju Venkataraman - The Art and Science of Negotiation - Part 1 | Adan Corporate,102,Adan Corporate provides a wide range of bespoke advisory services to small and medium sized enterprises at every step of the value creation journey.,148,,0,1,1864,,no,,,en,"width=device-width, initial-scale=1",,18,0,207,22,0,d6f4b511d080d672,fa5119672fab39c1,317
https://www.adancorporate.com/en-uk/team/nav-kaplish.html,200,2,,text/html,Nav Kaplish | Adan Corporate,28,Adan Corporate provides a wide range of bespoke advisory services to small and medium sized enterprises at every step of the value creation journey.,148,,0,0,792,,no,,,en,"width=device-width, initial-scale=1",,3,0,221,6,0,81e8efda274a637c,582fb5877beae848,309
https://adancorporate.com/en-uk/insights-podcasts/a-done-deal-episode-5-nav-kaplish-risk-management.html,200,2,,text/html,A Done Deal - Ep 05 - Nav Kaplish - ERP Risk Management | Adan Corporate,72,Adan Corporate provides a wide range of bespoke advisory services to small and medium sized enterprises at every step of the value creation journey.,148,,0,1,817,,no,,,en,"width=device-width, initial-scale=1",,18,0,207,22,0,59b6bfdfc0adf30d,0dfbb2a5035e6dad,340
https://adancorporate.com/en-uk/insights-podcasts/a-done-deal-episode-4-mike-kemball-turnarounds.html,200,2,,text/html,A Done Deal - Ep 04 - Mike Kemball - Turnaround and Growth | Adan Corporate,75,Adan Corporate provides a wide range of bespoke advisory services to small and medium sized enterprises at every step of the value creation journey.,148,,0,1,740,,no,,,en,"width=device-width, initial-scale=1",,18,0,207,22,0,a2a8616614802f81,67618a7282f9c270,340
https://adancorporate.com/en-uk/insights-podcasts/a-done-deal-episode-3-nav-kaplish-risk-management.html,200,2,,text/html,A Done Deal - Ep 03 - Nav Kaplish - Enterprise Risk Management | Adan Corporate,79,Adan Corporate provides a wide range of bespoke advisory services to small and medium sized enterprises at every step of the value creation journey.,148,,0,1,717,,no,,,en,"width=device-width, initial-scale=1",,18,0,207,22,0,6ece3466bcbb10ad,00cb910c1f17aaba,283
https://www.adancorporate.com/en-uk/team/dipak-khot.html,200,2,,text/html,Dipak Khot | Adan Corporate,27,Adan Corporate provides a wide range of bespoke advisory services to small and medium sized enterprises at every step of the value creation journey.,148,,0,0,857,,no,,,en,"width=device-width, initial-scale=1",,3,0,222,6,0,30939950bf5bd48a,849e91be2a20a753,289
https://adancorporate.com/en-uk/insights-podcasts/a-done-deal-episode-2-dipak-khot-risk-management.html,200,2,,text/html,A Done Deal - Ep 02 - Dipak Khot - Market Risk Management | Adan Corporate,74,Adan Corporate provides a wide range of bespoke advisory services to small and medium sized enterprises at every step of the value creation journey.,148,,0,1,2868,,no,,,en,"width=device-width, initial-scale=1",,18,0,207,22,0,18481a566ea4eced,7de74a5607f5f5cb,329
https://www.adancorporate.com/en-uk/team/nicholas-beecroft.html,404,2,,text/html,Adan Corporate - 404 Page not found,35,,0,,0,0,0,,no,,,,,,1,0,0,0,0,d41d8cd98f00b204,,291
https://adancorporate.com/en-uk/insights-podcasts/a-done-deal-episode-1-dr-nicholas-beecroft-executive-coaching.html,200,2,,text/html,A Done Deal - Ep 01 - Dr Nicholas Beecroft - Devil's Advocate and Decision Making | Adan Corporate,98,Adan Corporate provides a wide range of bespoke advisory services to small and medium sized enterprises at every step of the value creation journey.,148,,0,1,3497,,no,,,en,"width=device-width, initial-scale=1",,18,0,207,22,0,e2a178a909c216e5,52c93bac7014682f,303
https://adancorporate.com/en-uk/team/subhash-baliga.html,200,2,,text/html,Subhash Baliga | Adan Corporate,31,Adan Corporate provides a wide range of bespoke advisory services to small and medium sized enterprises at every step of the value creation journey.,148,,0,0,910,,no,,,en,"width=device-width, initial-scale=1",,3,0,228,6,0,3adab545ea3f050f,063d40aef9d9b99f,318
https://adancorporate.com/en-uk/team/priya-shah.html,200,2,,text/html,Priya Shah | Adan Corporate,27,Adan Corporate provides a wide range of bespoke advisory services to small and medium sized enterprises at every step of the value creation journey.,148,,0,0,826,,no,,,en,"width=device-width, initial-scale=1",,3,0,222,6,0,a32c91dbfc2ece71,da0aa4efa7fef7a4,294
https://adancorporate.com/en-uk/team/suryadeep-nain.html,200,2,,text/html,Suryadeep Nain | Adan Corporate,31,Adan Corporate provides a wide range of bespoke advisory services to small and medium sized enterprises at every step of the value creation journey.,148,,0,0,796,,no,,,en,"width=device-width, initial-scale=1",,3,0,224,6,0,2428122054d13203,b7a7a54cabd412ac,374
https://adancorporate.com/en-uk/team/carlos-dos-santos-leiria.html,200,2,,text/html,Carlos Dos Santos Leiria | Adan Corporate,41,Adan Corporate provides a wide range of bespoke advisory services to small and medium sized enterprises at every step of the value creation journey.,148,,0,0,852,,no,,,en,"width=device-width, initial-scale=1",,3,0,214,6,0,bbfdb828ee1dac03,9888d1b1b81eabad,296
https://adancorporate.com/en-uk/coaching/entrepreneurial-leadership-toolbox.html,200,2,,text/html,Entrepreneurial Leadership Toolbox | Adan Corporate,51,Adan Corporate provides a wide range of bespoke advisory services to small and medium sized enterprises at every step of the value creation journey.,148,,0,1,1250,,no,,,en,"width=device-width, initial-scale=1",,6,0,118,6,0,12f19b43ea760b56,bbba4f0e642bbbfb,279
https://adancorporate.com/en-uk/coaching/applied-entrepreneurship.html,200,2,,text/html,Applied Entrepreneurship | Adan Corporate,41,Adan Corporate provides a wide range of bespoke advisory services to small and medium sized enterprises at every step of the value creation journey.,148,,0,1,1035,,no,,,en,"width=device-width, initial-scale=1",,5,0,116,5,0,18a13e8412198a09,29981ff3ac95846c,326
https://adancorporate.com/en-uk/coaching/entrepreneurial-mindset-and-leadership.html,200,2,,text/html,Entrepreneurial Mindset and Leadership | Adan Corporate,55,Adan Corporate provides a wide range of bespoke advisory services to small and medium sized enterprises at every step of the value creation journey.,148,,0,1,1248,,no,,,en,"width=device-width, initial-scale=1",,6,0,118,6,0,5d48057021fb6e5f,7242a723c8e967f2,361
https://adancorporate.com/en-uk/coaching/innovation-from-concept-to-product.html,200,2,,text/html,Innovation: From Concept to Product | Adan Corporate,52,Adan Corporate provides a wide range of bespoke advisory services to small and medium sized enterprises at every step of the value creation journey.,148,,0,1,1556,,no,,,en,"width=device-width, initial-scale=1",,8,0,208,10,0,2024c0b69c904332,c2437c5d4adf828e,373
https://adancorporate.com/en-uk/coaching/entrepreneurship-for-engineers.html,200,2,,text/html,Entrepreneurship for Engineers | Adan Corporate,47,Adan Corporate provides a wide range of bespoke advisory services to small and medium sized enterprises at every step of the value creation journey.,148,,0,1,1127,,no,,,en,"width=device-width, initial-scale=1",,6,0,118,6,0,b55a40d3323686dd,7274f5f1f6d1c9d0,277
https://adancorporate.com/en-uk/coaching/managing-growing-businesses.html,200,2,,text/html,Managing Growing Businesses | Adan Corporate,44,Adan Corporate provides a wide range of bespoke advisory services to small and medium sized enterprises at every step of the value creation journey.,148,,0,1,1259,,no,,,en,"width=device-width, initial-scale=1",,8,0,122,8,0,2010f0e6a055c8b3,33d4cc06f83b3e06,363
https://adancorporate.com/en-uk/coaching/marketing-management.html,200,2,,text/html,Marketing Management | Adan Corporate,37,Adan Corporate provides a wide range of bespoke advisory services to small and medium sized enterprises at every step of the value creation journey.,148,,0,1,1394,,no,,,en,"width=device-width, initial-scale=1",,7,0,118,6,0,edfba70985b2ebd1,061445071cf4b1b6,311
https://adancorporate.com/en-uk/coaching/financing-entrepreneurial-ventures.html,200,2,,text/html,Financing Entrepreneurial Ventures | Adan Corporate,51,Adan Corporate provides a wide range of bespoke advisory services to small and medium sized enterprises at every step of the value creation journey.,148,,0,2,1339,,no,,,en,"width=device-width, initial-scale=1",,12,0,138,11,0,f9b1d94d7a5ce165,6ddd7e9628882f88,283
https://adancorporate.com/en-uk/coaching/raju.v@adancorporate.com,404,2,,text/html,Adan Corporate - 404 Page not found,35,,0,,0,0,0,,no,,,,,,1,0,0,0,0,d41d8cd98f00b204,,360
https://adancorporate.com/en-uk/coaching/ck.adya@adancorporate.com,404,2,,text/html,Adan Corporate - 404 Page not found,35,,0,,0,0,0,,no,,,,,,1,0,0,0,0,d41d8cd98f00b204,,336
https://adancorporate.com/en-uk/team/aneesh-chivukula.html,200,2,,text/html,Aneesh Chivukula | Adan Corporate,33,Adan Corporate provides a wide range of bespoke advisory services to small and medium sized enterprises at every step of the value creation journey.,148,,0,0,934,,no,,,en,"width=device-width, initial-scale=1",,3,0,212,6,0,e75a6a06489318e2,4db0a86dbf8875dd,351
https://adancorporate.com/en-uk/industries/banking-capital-markets.html,200,2,,text/html,Industry Page | Adan Corporate,30,Adan Corporate provides a wide range of bespoke advisory services to small and medium sized enterprises at every step of the value creation journey.,148,,0,0,627,,no,,,en,"width=device-width, initial-scale=1",,3,0,203,5,0,1dc3ff69bd3b2cc1,046e69dfef8ced2a,349
https://adancorporate.com/en-uk/industries/real-estate.html,200,2,,text/html,Industry Page | Adan Corporate,30,Adan Corporate provides a wide range of bespoke advisory services to small and medium sized enterprises at every step of the value creation journey.,148,,0,0,627,,no,,,en,"width=device-width, initial-scale=1",,3,0,203,5,0,1dc3ff69bd3b2cc1,046e69dfef8ced2a,354
https://adancorporate.com/en-uk/industries/government-public-services.html,200,2,,text/html,Industry Page | Adan Corporate,30,Adan Corporate provides a wide range of bespoke advisory services to small and medium sized enterprises at every step of the value creation journey.,148,,0,0,627,,no,,,en,"width=device-width, initial-scale=1",,3,0,203,5,0,1dc3ff69bd3b2cc1,046e69dfef8ced2a,282
https://adancorporate.com/en-uk/industries/social-sector.html,200,2,,text/html,Industry Page | Adan Corporate,30,Adan Corporate provides a wide range of bespoke advisory services to small and medium sized enterprises at every step of the value creation journey.,148,,0,0,627,,no,,,en,"width=device-width, initial-scale=1",,3,0,203,5,0,1dc3ff69bd3b2cc1,046e69dfef8ced2a,324
https://adancorporate.com/en-uk/industries/capital-projects-infrastructure.html,200,2,,text/html,Industry Page | Adan Corporate,30,Adan Corporate provides a wide range of bespoke advisory services to small and medium sized enterprises at every step of the value creation journey.,148,,0,0,627,,no,,,en,"width=device-width, initial-scale=1",,3,0,203,5,0,1dc3ff69bd3b2cc1,046e69dfef8ced2a,2335
https://adancorporate.com/en-uk/industries/energy-utilities.html,200,2,,text/html,Industry Page | Adan Corporate,30,Adan Corporate provides a wide range of bespoke advisory services to small and medium sized enterprises at every step of the value creation journey.,148,,0,0,627,,no,,,en,"width=device-width, initial-scale=1",,3,0,203,5,0,1dc3ff69bd3b2cc1,046e69dfef8ced2a,355
https://adancorporate.com/en-uk/industries/advanced-electronics.html,200,2,,text/html,Industry Page | Adan Corporate,30,Adan Corporate provides a wide range of bespoke advisory services to small and medium sized enterprises at every step of the value creation journey.,148,,0,0,627,,no,,,en,"width=device-width, initial-scale=1",,3,0,203,5,0,1dc3ff69bd3b2cc1,046e69dfef8ced2a,369
https://adancorporate.com/en-uk/team/href=',404,2,,text/html,Adan Corporate - 404 Page not found,35,,0,,0,0,0,,no,,,,,,1,0,0,0,0,d41d8cd98f00b204,,279
https://adancorporate.com/en-uk/strategy/index-executive-transition.html,200,2,,text/html,Interim CFO | Adan Corporate,28,Adan Corporate provides a wide range of bespoke advisory services to small and medium sized enterprises at every step of the value creation journey.,148,,0,0,614,,no,,,en,"width=device-width, initial-scale=1",,3,0,201,3,0,1b37fe15976881b5,ae52c496bf5672ff,464
https://adancorporate.com/en-uk/industries/semiconductors.html,200,2,,text/html,Industry Page | Adan Corporate,30,Adan Corporate provides a wide range of bespoke advisory services to small and medium sized enterprises at every step of the value creation journey.,148,,0,0,627,,no,,,en,"width=device-width, initial-scale=1",,3,0,203,5,0,1dc3ff69bd3b2cc1,046e69dfef8ced2a,303
https://adancorporate.com/en-uk/industries/travel-transport-logistics.html,200,2,,text/html,Industry Page | Adan Corporate,30,Adan Corporate provides a wide range of bespoke advisory services to small and medium sized enterprises at every step of the value creation journey.,148,,0,0,627,,no,,,en,"width=device-width, initial-scale=1",,3,0,203,5,0,1dc3ff69bd3b2cc1,046e69dfef8ced2a,312
https://adancorporate.com/en-uk/industries/sovereign-investment-funds.html,200,2,,text/html,Industry Page | Adan Corporate,30,Adan Corporate provides a wide range of bespoke advisory services to small and medium sized enterprises at every step of the value creation journey.,148,,0,0,627,,no,,,en,"width=device-width, initial-scale=1",,3,0,203,5,0,1dc3ff69bd3b2cc1,046e69dfef8ced2a,331
https://adancorporate.com/en-uk/industries/asset-wealth-management.html,200,2,,text/html,Industry Page | Adan Corporate,30,Adan Corporate provides a wide range of bespoke advisory services to small and medium sized enterprises at every step of the value creation journey.,148,,0,0,627,,no,,,en,"width=device-width, initial-scale=1",,3,0,203,5,0,1dc3ff69bd3b2cc1,046e69dfef8ced2a,358
https://adancorporate.com/en-uk/digital/index-digital.html,404,2,,text/html,Adan Corporate - 404 Page not found,35,,0,,0,0,0,,no,,,,,,1,0,0,0,0,d41d8cd98f00b204,,315
https://adancorporate.com/en-uk/industries/telecommunications.html,200,2,,text/html,Industry Page | Adan Corporate,30,Adan Corporate provides a wide range of bespoke advisory services to small and medium sized enterprises at every step of the value creation journey.,148,,0,0,627,,no,,,en,"width=device-width, initial-scale=1",,3,0,203,5,0,1dc3ff69bd3b2cc1,046e69dfef8ced2a,280
https://adancorporate.com/en-uk/corporate-finance/index-alternative-financing.html,200,2,,text/html,Index - Alternative Financing | Adan Corporate,46,Adan Corporate provides a wide range of bespoke advisory services to small and medium sized enterprises at every step of the value creation journey.,148,,0,1,372,,no,,,,"width=device-width, initial-scale=1",,6,0,116,3,0,5bf557eadbe7bcf5,2e5e36046430b6a1,308
https://adancorporate.com/en-uk/legal/www.adancorporate.com,404,2,,text/html,Adan Corporate - 404 Page not found,35,,0,,0,0,0,,no,,,,,,1,0,0,0,0,d41d8cd98f00b204,,350
https://adancorporate.com/en-uk/legal/www.allaboutcookies.org,404,2,,text/html,Adan Corporate - 404 Page not found,35,,0,,0,0,0,,no,,,,,,1,0,0,0,0,d41d8cd98f00b204,,371
https://adancorporate.com/en-uk/industries/public-sector.html,200,3,,text/html,Industry Page | Adan Corporate,30,Adan Corporate provides a wide range of bespoke advisory services to small and medium sized enterprises at every step of the value creation journey.,148,,0,0,627,,no,,,en,"width=device-width, initial-scale=1",,3,0,203,5,0,1dc3ff69bd3b2cc1,046e69dfef8ced2a,382
https://adancorporate.com/en-uk/insights-podcasts/www.linkedin.com/in/pieter-hack-639a0a18,404,3,,text/html,Adan Corporate - 404 Page not found,35,,0,,0,0,0,,no,,,,,,1,0,0,0,0,d41d8cd98f00b204,,330
https://adancorporate.com/en-uk/insights-podcasts/www.linkedin.com/in/rikardstrid,404,3,,text/html,Adan Corporate - 404 Page not found,35,,0,,0,0,0,,no,,,,,,1,0,0,0,0,d41d8cd98f00b204,,287
https://adancorporate.com/en-uk/insights-podcasts/www.tonywheeler.com.au,404,3,,text/html,Adan Corporate - 404 Page not found,35,,0,,0,0,0,,no,,,,,,1,0,0,0,0,d41d8cd98f00b204,,325
https://www.adancorporate.com/en-uk/home/index.html,200,3,,text/html,"Adan Corporate | Corporate Finance, M&A, Strategy, Risk Management and Digital Services",87,Adan Corporate provides a wide range of bespoke advisory services to small and medium sized enterprises at every step of the value creation journey.,148,,0,8,2639,,no,,,,"width=device-width, initial-scale=1",,34,0,221,58,0,a87a8129ba152355,81c5d1392f933964,1589
https://www.adancorporate.com/en-uk/about-us/company-overview.html,200,3,,text/html,Company Overview | Adan Corporate,33,Adan Corporate provides a wide range of bespoke advisory services to small and medium sized enterprises at every step of the value creation journey.,148,,0,9,1362,,no,,,,"width=device-width, initial-scale=1",,7,0,242,5,0,684c9da3d7a2ab75,478d778b62ba6d56,435
https://www.adancorporate.com/en-uk/about-us/vision-mission-values.html,200,3,,text/html,"Vision, Mission, Values | Adan Corporate",40,Adan Corporate provides a wide range of bespoke advisory services to small and medium sized enterprises at every step of the value creation journey.,148,,0,6,777,,no,,,,"width=device-width, initial-scale=1",,5,0,203,5,0,dd8fc2621ffd4007,a852e836d45d016a,298
https://www.adancorporate.com/en-uk/about-us/the-adan-advantage.html,200,3,,text/html,The Adan Advantage | Adan Corporate,35,Adan Corporate provides a wide range of bespoke advisory services to small and medium sized enterprises at every step of the value creation journey.,148,,0,9,1051,,no,,,,"width=device-width, initial-scale=1",,7,0,203,5,0,1e40db7271c0dff8,356934551f46f0a1,293
https://www.adancorporate.com/en-uk/about-us/team.html,200,3,,text/html,"Adan Corporate | Corporate Finance, M&A, Strategy, Risk Management and Digital Services",87,Adan Corporate provides a wide range of bespoke advisory services to small and medium sized enterprises at every step of the value creation journey.,148,,0,5,2651,,no,,,,"width=device-width, initial-scale=1",,37,0,235,64,0,2ff57a859272832b,af73fe49700cafdf,354
https://www.adancorporate.com/en-uk/about-us/contact-us.html,200,3,,text/html,Contact Us | Adan Corporate,27,Adan Corporate provides a wide range of bespoke advisory services to small and medium sized enterprises at every step of the value creation journey.,148,,0,6,919,,no,,,,"width=device-width, initial-scale=1",,7,0,204,5,0,ba3c2529e9851e43,36b3324d1b2290b1,732
https://www.adancorporate.com/en-uk/about-us/global-locations.html,200,3,,text/html,Global Locations | Adan Corporate,33,Adan Corporate provides a wide range of bespoke advisory services to small and medium sized enterprises at every step of the value creation journey.,148,,0,6,931,,no,,,,"width=device-width, initial-scale=1",,3,0,204,5,0,0693386f5a9d726f,cb37f8974bfc64a8,1647
https://www.adancorporate.com/en-uk/clients/clients.html,200,3,,text/html,Clients | Adan Corporate,24,Adan Corporate provides a wide range of bespoke advisory services to small and medium sized enterprises at every step of the value creation journey.,148,,0,3,1877,,no,,,,"width=device-width, initial-scale=1",,3,0,348,5,0,34ef84afa30cbc3b,454cb111312d4e9e,283
https://www.adancorporate.com/en-uk/clients/live-deals.html,200,3,,text/html,Live Deals | Adan Corporate,27,Adan Corporate provides a wide range of bespoke advisory services to small and medium sized enterprises at every step of the value creation journey.,148,,0,2,1596,,no,,,,"width=device-width, initial-scale=1",,2,0,203,5,0,066b2d9fc887683b,c47a4ef96f08c22f,305
https://www.adancorporate.com/en-uk/about-us/insights-blog.html,200,3,,text/html,Insights Blog | Adan Corporate,30,Adan Corporate provides a wide range of bespoke advisory services to small and medium sized enterprises at every step of the value creation journey.,148,,0,2,1293,,no,,,,"width=device-width, initial-scale=1",,15,0,204,70,0,5a7d4a87a48ce535,f042bed4072d15ba,293
https://www.adancorporate.com/en-uk/about-us/a-done-deal-adan-podcast-index.html,200,3,,text/html,A Done Deal - Adan Podcast - Index | Adan Corporate,51,Adan Corporate provides a wide range of bespoke advisory services to small and medium sized enterprises at every step of the value creation journey.,148,A DONE DEAL,2,1,1610,,no,,,,"width=device-width, initial-scale=1",,31,0,243,23,0,abb7a9e47ba467bf,c84adcedeae544da,343
https://www.adancorporate.com/en-uk/corporate-finance/index-corporate-finance.html,200,3,,text/html,Index - Corporate Finance | Adan Corporate,42,Adan Corporate provides a wide range of bespoke advisory services to small and medium sized enterprises at every step of the value creation journey.,148,,0,4,688,,no,,,en,"width=device-width, initial-scale=1",,25,0,226,5,0,876b9dd2c4a5a2cd,c85b9d84da5fafbc,339
https://www.adancorporate.com/en-uk/corporate-finance/index-equity-financing.html,200,3,,text/html,Index - Equity Financing | Adan Corporate,41,Adan Corporate provides a wide range of bespoke advisory services to small and medium sized enterprises at every step of the value creation journey.,148,,0,1,633,,no,,,en,"width=device-width, initial-scale=1",,8,0,209,5,0,de725fe6c4bd1e6c,602fdf3669874d97,323
https://www.adancorporate.com/en-uk/corporate-finance/private-equity-venture-capital.html,200,3,,text/html,Private Equity and Venture Capital | Adan Corporate,51,Adan Corporate provides a wide range of bespoke advisory services to small and medium sized enterprises at every step of the value creation journey.,148,,0,2,1706,,no,,,en,"width=device-width, initial-scale=1",,18,0,229,17,0,b37c4e21ba0e7ac2,da6e42013948c132,282
https://www.adancorporate.com/en-uk/corporate-finance/ipo.html,200,3,,text/html,IPO | Adan Corporate,20,Adan Corporate provides a wide range of bespoke advisory services to small and medium sized enterprises at every step of the value creation journey.,148,,0,2,1677,,no,,,en,"width=device-width, initial-scale=1",,8,0,233,9,0,43e3318ab912c98a,86919da87e4c9057,395
https://www.adancorporate.com/en-uk/corporate-finance/family-offices-investments.html,200,3,,text/html,Family Offices Investments | Adan Corporate,43,Adan Corporate provides a wide range of bespoke advisory services to small and medium sized enterprises at every step of the value creation journey.,148,,0,2,2162,,no,,,en,"width=device-width, initial-scale=1",,6,0,205,7,0,cab1527c83ae1760,02ebdfcec2e1e763,279
https://www.adancorporate.com/en-uk/corporate-finance/startups-growth-capital.html,200,3,,text/html,Startups - Growth Capital | Adan Corporate,42,Adan Corporate provides a wide range of bespoke advisory services to small and medium sized enterprises at every step of the value creation journey.,148,,0,2,1476,,no,,,en,"width=device-width, initial-scale=1",,10,0,219,11,0,c8aa19d6e842a0db,ae991dd13d24c378,292
https://www.adancorporate.com/en-uk/corporate-finance/fund-placement.html,200,3,,text/html,Fund Placement | Adan Corporate,31,Adan Corporate provides a wide range of bespoke advisory services to small and medium sized enterprises at every step of the value creation journey.,148,,0,2,1443,,no,,,en,"width=device-width, initial-scale=1",,10,0,217,10,0,961725cb7735cedd,777be0704858bf52,335
https://www.adancorporate.com/en-uk/corporate-finance/government-grants.html,200,3,,text/html,Government Grants | Adan Corporate,34,Adan Corporate provides a wide range of bespoke advisory services to small and medium sized enterprises at every step of the value creation journey.,148,,0,230,18408,,no,,,en,"width=device-width, initial-scale=1",,5,0,205,264,0,db05313ca7c956f5,ff14164d71e0dfde,879
https://www.adancorporate.com/en-uk/corporate-finance/index-debt-financing.html,200,3,,text/html,Index - Debt Financing | Adan Corporate,39,Adan Corporate provides a wide range of bespoke advisory services to small and medium sized enterprises at every step of the value creation journey.,148,,0,1,634,,no,,,en,"width=device-width, initial-scale=1",,8,0,209,5,0,57278160dc71cd8c,dbe739872712a252,282
https://www.adancorporate.com/en-uk/corporate-finance/debt-financing.html,200,3,,text/html,Debt Financing | Adan Corporate,31,Adan Corporate provides a wide range of bespoke advisory services to small and medium sized enterprises at every step of the value creation journey.,148,,0,2,2242,,no,,,en,"width=device-width, initial-scale=1",,17,0,240,16,0,0e4f2aebec17e191,c053953cccf4e52a,374
https://www.adancorporate.com/en-uk/corporate-finance/project-finance.html,200,3,,text/html,Project Finance | Adan Corporate,32,Adan Corporate provides a wide range of bespoke advisory services to small and medium sized enterprises at every step of the value creation journey.,148,,0,2,2302,,no,,,en,"width=device-width, initial-scale=1",,15,0,240,16,0,2bf71ca310ed36a7,17933f6d7c358aa5,277
https://www.adancorporate.com/en-uk/corporate-finance/renewable-energy-financing.html,200,3,,text/html,Renewable Energy Financing | Adan Corporate,43,Adan Corporate provides a wide range of bespoke advisory services to small and medium sized enterprises at every step of the value creation journey.,148,,0,2,2475,,no,,,en,"width=device-width, initial-scale=1",,14,0,220,13,0,fce74f9afe9d3364,58092af1d2beb10b,289
https://www.adancorporate.com/en-uk/corporate-finance/working-capital-and-trade-finance.html,200,3,,text/html,Working Capital and Trade Finance | Adan Corporate,50,Adan Corporate provides a wide range of bespoke advisory services to small and medium sized enterprises at every step of the value creation journey.,148,,0,2,1862,,no,,,en,"width=device-width, initial-scale=1",,15,0,241,17,0,2af3fd293a34046e,a64fee2a5106eacb,319
https://www.adancorporate.com/en-uk/corporate-finance/factoring.html,200,3,,text/html,Factoring | Adan Corporate,26,Adan Corporate provides a wide range of bespoke advisory services to small and medium sized enterprises at every step of the value creation journey.,148,,0,2,1805,,no,,,en,"width=device-width, initial-scale=1",,12,0,237,13,0,906475578e54194c,10dccb23c984b9dc,308
https://www.adancorporate.com/en-uk/corporate-finance/invoice-discounting.html,200,3,,text/html,Invoice Discounting | Adan Corporate,36,Adan Corporate provides a wide range of bespoke advisory services to small and medium sized enterprises at every step of the value creation journey.,148,,0,2,1886,,no,,,en,"width=device-width, initial-scale=1",,14,0,239,15,0,f8fa92bf4eaa1258,8895099a63e7fae2,1315
https://www.adancorporate.com/en-uk/corporate-finance/index-other-categories.html,200,3,,text/html,Index - Other Corporate Finance Categories | Adan Corporate,59,Adan Corporate provides a wide range of bespoke advisory services to small and medium sized enterprises at every step of the value creation journey.,148,,0,1,633,,no,,,en,"width=device-width, initial-scale=1",,6,0,207,5,0,003d3e115d2520af,4ae7405789398ec8,287
https://www.adancorporate.com/en-uk/corporate-finance/special-situations.html,200,3,,text/html,Special Situations | Adan Corporate,35,Adan Corporate provides a wide range of bespoke advisory services to small and medium sized enterprises at every step of the value creation journey.,148,,0,2,2156,,no,,,en,"width=device-width, initial-scale=1",,16,0,230,18,0,290b36f145a6986f,40f879c15e13373a,284
https://www.adancorporate.com/en-uk/corporate-finance/distressed-asset-management.html,200,3,,text/html,Distressed Asset Management | Adan Corporate,44,Adan Corporate provides a wide range of bespoke advisory services to small and medium sized enterprises at every step of the value creation journey.,148,,0,2,2011,,no,,,en,"width=device-width, initial-scale=1",,16,0,230,18,0,9c24ea748251d0f6,145a61c03fb62edc,354
https://www.adancorporate.com/en-uk/corporate-finance/transformation-and-restructuring.html,200,3,,text/html,Transformation and Restructuring | Adan Corporate,49,Adan Corporate provides a wide range of bespoke advisory services to small and medium sized enterprises at every step of the value creation journey.,148,,0,2,1816,,no,,,en,"width=device-width, initial-scale=1",,17,0,231,19,0,32f7d1bfb8d1e9d2,3c966e718a40332d,306
https://www.adancorporate.com/en-uk/corporate-finance/divestments-and-exit-planning.html,200,3,,text/html,Divestments and Exit Planning | Adan Corporate,46,Adan Corporate provides a wide range of bespoke advisory services to small and medium sized enterprises at every step of the value creation journey.,148,,0,2,1969,,no,,,en,"width=device-width, initial-scale=1",,17,0,231,19,0,dfa730247f1ed710,c9fc918ef095250c,362
https://www.adancorporate.com/en-uk/corporate-finance/index-other-services.html,200,3,,text/html,Index - Other Corporate Finance Services | Adan Corporate,57,Adan Corporate provides a wide range of bespoke advisory services to small and medium sized enterprises at every step of the value creation journey.,148,,0,1,637,,no,,,en,"width=device-width, initial-scale=1",,9,0,210,5,0,986c22701a265147,6eda45350087cb51,336
https://www.adancorporate.com/en-uk/corporate-finance/transfer-pricing.html,200,3,,text/html,Transfer Pricing | Adan Corporate,33,Adan Corporate provides a wide range of bespoke advisory services to small and medium sized enterprises at every step of the value creation journey.,148,,0,2,2044,,no,,,en,"width=device-width, initial-scale=1",,11,0,237,13,0,7841e3fb7ae821fa,aeca5ca2136bc7a2,364
https://www.adancorporate.com/en-uk/corporate-finance/credit-ratings-assistance.html,200,3,,text/html,Credit Ratings Assistance | Adan Corporate,42,Adan Corporate provides a wide range of bespoke advisory services to small and medium sized enterprises at every step of the value creation journey.,148,,0,2,1311,,no,,,en,"width=device-width, initial-scale=1",,6,0,232,8,0,914320b5c7153f96,a49fd52f4f4df8fe,326
https://www.adancorporate.com/en-uk/strategy/devil-s-advocate-and-red-teaming.html,200,3,,text/html,Devil's Advocate and Red Teaming | Adan Corporate,49,Adan Corporate provides a wide range of bespoke advisory services to small and medium sized enterprises at every step of the value creation journey.,148,,0,1,2332,,no,,,en,"width=device-width, initial-scale=1",,9,0,206,8,0,603dc99002c5f875,83124c4c37986399,347
https://www.adancorporate.com/en-uk/strategy/pitch-preparation-king-s-speech.html,200,3,,text/html,The King's Speech - Pitch practice | Adan Corporate,51,Adan Corporate provides a wide range of bespoke advisory services to small and medium sized enterprises at every step of the value creation journey.,148,,0,1,1774,,no,,,en,"width=device-width, initial-scale=1",,6,0,206,8,0,e91795ef9f75097c,abb89f710b7cfb48,307
https://www.adancorporate.com/en-uk/corporate-finance/investors-performance-enhancement.html,200,3,,text/html,Investor's Performance Enhancement | Adan Corporate,51,Adan Corporate provides a wide range of bespoke advisory services to small and medium sized enterprises at every step of the value creation journey.,148,,0,1,2390,,no,,,en,"width=device-width, initial-scale=1",,6,0,206,8,0,85d51239feb5b514,b319c8ca2006e2a6,604
https://www.adancorporate.com/en-uk/strategy/decision-facilitation.html,200,3,,text/html,Decision Facilitation | Adan Corporate,38,Adan Corporate provides a wide range of bespoke advisory services to small and medium sized enterprises at every step of the value creation journey.,148,,0,1,1634,,no,,,en,"width=device-width, initial-scale=1",,7,0,206,8,0,25c19d9259b15deb,c2d594f4b64402f2,299
https://www.adancorporate.com/en-uk/corporate-finance/commercial-mediation.html,200,3,,text/html,Commercial Mediation | Adan Corporate,37,Adan Corporate provides a wide range of bespoke advisory services to small and medium sized enterprises at every step of the value creation journey.,148,,0,1,1806,,no,,,en,"width=device-width, initial-scale=1",,9,0,206,8,0,2bd544e93612ddbf,e985f838fb5ae1bc,323
https://www.adancorporate.com/en-uk/m-and-a/index-m-and-a.html,200,3,,text/html,Index - Mergers and Acquisitions | Adan Corporate,49,Adan Corporate provides a wide range of bespoke advisory services to small and medium sized enterprises at every step of the value creation journey.,148,,0,5,679,,no,,,en,"width=device-width, initial-scale=1",,20,0,221,5,0,a65fa7cfcd8aedc4,1bdddae34fecea3e,363
https://www.adancorporate.com/en-uk/m-and-a/index-buy-a-business.html,200,3,,text/html,Index - Buy a Business | Adan Corporate,39,Adan Corporate provides a wide range of bespoke advisory services to small and medium sized enterprises at every step of the value creation journey.,148,,0,1,638,,no,,,en,"width=device-width, initial-scale=1",,9,0,210,5,0,96754b78c9f245e9,a2ae899ae1b18549,345
https://www.adancorporate.com/en-uk/m-and-a/buy-a-business.html,200,3,,text/html,Buy a Business M&A Buy-side | Adan Corporate,44,Adan Corporate provides a wide range of bespoke advisory services to small and medium sized enterprises at every step of the value creation journey.,148,,0,2,2319,,no,,,en,"width=device-width, initial-scale=1",,17,0,238,18,0,9dc3bbd1fef27e90,9c17f45cf2466a4b,290
https://www.adancorporate.com/en-uk/m-and-a/manda-synergies.html,200,3,,text/html,M&A Synergies | Adan Corporate,30,Adan Corporate provides a wide range of bespoke advisory services to small and medium sized enterprises at every step of the value creation journey.,148,,0,2,2305,,no,,,en,"width=device-width, initial-scale=1",,17,0,238,18,0,ca4c669bdd487e6c,ae0eaeca656138c8,445
https://www.adancorporate.com/en-uk/m-and-a/mbos-and-mbis.html,200,3,,text/html,MBOs and MBIs | Adan Corporate,30,Adan Corporate provides a wide range of bespoke advisory services to small and medium sized enterprises at every step of the value creation journey.,148,,0,2,1951,,no,,,en,"width=device-width, initial-scale=1",,10,0,231,11,0,0ce8343a79b8adb7,83f746936acaacf7,366
https://www.adancorporate.com/en-uk/m-and-a/leveraged-buy-outs-lbos.html,200,3,,text/html,Leveraged Buy-Outs (LBOs) | Adan Corporate,42,Adan Corporate provides a wide range of bespoke advisory services to small and medium sized enterprises at every step of the value creation journey.,148,,0,2,1907,,no,,,en,"width=device-width, initial-scale=1",,15,0,235,15,0,525b5073e7ace400,37ce5d3fee656256,317
https://www.adancorporate.com/en-uk/coaching/leadership-assessment.html,200,3,,text/html,Leadership Assessment | Adan Corporate,38,Adan Corporate provides a wide range of bespoke advisory services to small and medium sized enterprises at every step of the value creation journey.,148,,0,1,1824,,no,,,en,"width=device-width, initial-scale=1",,7,0,206,8,0,8f6f2f31690215d8,a5811cdf6d1083ca,296
https://www.adancorporate.com/en-uk/m-and-a/index-sell-your-business.html,200,3,,text/html,Index - Sell your Business | Adan Corporate,43,Adan Corporate provides a wide range of bespoke advisory services to small and medium sized enterprises at every step of the value creation journey.,148,,0,1,632,,no,,,en,"width=device-width, initial-scale=1",,7,0,208,5,0,722a1d8ce9ab0e67,75f638748c10c919,281
https://www.adancorporate.com/en-uk/m-and-a/sell-your-business.html,200,3,,text/html,Sell Your Business M&A Sell-side | Adan Corporate,49,Adan Corporate provides a wide range of bespoke advisory services to small and medium sized enterprises at every step of the value creation journey.,148,,0,2,2798,,no,,,en,"width=device-width, initial-scale=1",,21,0,242,22,0,b61543f2713bfd84,7b35abda647dc8f0,345
https://www.adancorporate.com/en-uk/m-and-a/manda-company-valuation.html,200,3,,text/html,Company Valuation | Adan Corporate,34,Adan Corporate provides a wide range of bespoke advisory services to small and medium sized enterprises at every step of the value creation journey.,148,,0,2,1935,,no,,,en,"width=device-width, initial-scale=1",,13,0,220,15,0,8831952bc80b570b,82d6d1e49f94f1c9,292
https://www.adancorporate.com/en-uk/m-and-a/deal-strategy.html,200,3,,text/html,Deal Strategy | Adan Corporate,30,Adan Corporate provides a wide range of bespoke advisory services to small and medium sized enterprises at every step of the value creation journey.,148,,0,2,2197,,no,,,en,"width=device-width, initial-scale=1",,17,0,238,18,0,ae5e617868311bc0,8876b3d0f5323374,1253
https://www.adancorporate.com/en-uk/m-and-a/index-mergers.html,200,3,,text/html,Index - Mergers | Adan Corporate,32,Adan Corporate provides a wide range of bespoke advisory services to small and medium sized enterprises at every step of the value creation journey.,148,,0,1,624,,no,,,en,"width=device-width, initial-scale=1",,5,0,206,5,0,9734a345177ed86a,611b6262888d3cfb,293
https://www.adancorporate.com/en-uk/m-and-a/mergers.html,200,3,,text/html,Mergers | Adan Corporate,24,Adan Corporate provides a wide range of bespoke advisory services to small and medium sized enterprises at every step of the value creation journey.,148,,0,2,2438,,no,,,en,"width=device-width, initial-scale=1",,16,0,237,17,0,a7bab48d5cdd0494,8c0be5d5e9821b95,548
https://www.adancorporate.com/en-uk/m-and-a/post-merger-integration-pmi.html,200,3,,text/html,Post-Merger Integration (PMI) | Adan Corporate,46,Adan Corporate provides a wide range of bespoke advisory services to small and medium sized enterprises at every step of the value creation journey.,148,,0,2,2250,,no,,,en,"width=device-width, initial-scale=1",,17,0,238,18,0,22ea5573c4455210,dc047793da5459e9,550
https://www.adancorporate.com/en-uk/m-and-a/index-alliances-jvs-partnerships.html,200,3,,text/html,"Index - Alliances, JVs & Partnerships | Adan Corporate",54,Adan Corporate provides a wide range of bespoke advisory services to small and medium sized enterprises at every step of the value creation journey.,148,,0,1,625,,no,,,en,"width=device-width, initial-scale=1",,5,0,206,5,0,f5e3707052938f9f,aa1ff118ac54e459,323
https://www.adancorporate.com/en-uk/m-and-a/alliances.html,200,3,,text/html,Alliances | Adan Corporate,26,Adan Corporate provides a wide range of bespoke advisory services to small and medium sized enterprises at every step of the value creation journey.,148,,0,2,1812,,no,,,en,"width=device-width, initial-scale=1",,10,0,232,12,0,6dcb65fa31dccaca,d2130fc3fcd35bf2,283
https://www.adancorporate.com/en-uk/m-and-a/joint-ventures.html,200,3,,text/html,Joint Ventures | Adan Corporate,31,Adan Corporate provides a wide range of bespoke advisory services to small and medium sized enterprises at every step of the value creation journey.,148,,0,2,2068,,no,,,en,"width=device-width, initial-scale=1",,11,0,232,12,0,00db05e1b4ae8772,c8ec0966687ef350,290
https://www.adancorporate.com/en-uk/m-and-a/partnerships.html,200,3,,text/html,Partnerships | Adan Corporate,29,Adan Corporate provides a wide range of bespoke advisory services to small and medium sized enterprises at every step of the value creation journey.,148,,0,2,1932,,no,,,en,"width=device-width, initial-scale=1",,10,0,217,12,0,bd99cd5eac0f08d3,01959fbbb3cb1459,315
https://www.adancorporate.com/en-uk/strategy/index-strategy.html,200,3,,text/html,Index - Strategy | Adan Corporate,33,Adan Corporate provides a wide range of bespoke advisory services to small and medium sized enterprises at every step of the value creation journey.,148,,0,5,687,,no,,,en,"width=device-width, initial-scale=1",,24,0,225,5,0,53ec57ce8e0f74a5,15311a9f71f598fb,379
https://www.adancorporate.com/en-uk/strategy/index-strategy-and-planning.html,200,3,,text/html,Index - Strategy & Planning | Adan Corporate,44,Adan Corporate provides a wide range of bespoke advisory services to small and medium sized enterprises at every step of the value creation journey.,148,,0,1,634,,no,,,en,"width=device-width, initial-scale=1",,9,0,210,5,0,34935ac980272b04,ead452c1f7fdab76,332
https://www.adancorporate.com/en-uk/strategy/deal-strategy-and-planning.html,200,3,,text/html,Deal Strategy | Adan Corporate,30,Adan Corporate provides a wide range of bespoke advisory services to small and medium sized enterprises at every step of the value creation journey.,148,,0,2,2252,,no,,,en,"width=device-width, initial-scale=1",,18,0,239,19,0,bcbc6a671ac11c6e,164fcc2807c23a39,349
https://www.adancorporate.com/en-uk/strategy/business-strategy-and-planning.html,200,3,,text/html,Business Strategy | Adan Corporate,34,Adan Corporate provides a wide range of bespoke advisory services to small and medium sized enterprises at every step of the value creation journey.,148,,0,1,1591,,no,,,en,"width=device-width, initial-scale=1",,12,0,212,14,0,239c057924abe636,a15deee33da76a49,331
https://www.adancorporate.com/en-uk/strategy/corporate-strategy-and-planning.html,200,3,,text/html,Corporate Strategy | Adan Corporate,35,Adan Corporate provides a wide range of bespoke advisory services to small and medium sized enterprises at every step of the value creation journey.,148,,0,1,1545,,no,,,en,"width=device-width, initial-scale=1",,14,0,212,14,0,9e0cf2e071f984c2,25a2b3e3e668d79a,377
https://www.adancorporate.com/en-uk/strategy/growth-strategy-and-planning.html,200,3,,text/html,Growth Strategy | Adan Corporate,32,Adan Corporate provides a wide range of bespoke advisory services to small and medium sized enterprises at every step of the value creation journey.,148,,0,1,1591,,no,,,en,"width=device-width, initial-scale=1",,12,0,211,13,0,f1845dc84d7ef4cb,77ea7d8ac4e6d036,370
https://www.adancorporate.com/en-uk/strategy/marketing-strategy-and-planning.html,200,3,,text/html,Marketing Strategy | Adan Corporate,35,Adan Corporate provides a wide range of bespoke advisory services to small and medium sized enterprises at every step of the value creation journey.,148,,0,1,1706,,no,,,en,"width=device-width, initial-scale=1",,8,0,207,9,0,99ca252f6c297061,d8b84c08ac3824ce,286
https://www.adancorporate.com/en-uk/strategy/risk-strategy-and-planning.html,200,3,,text/html,Risk Management Strategy | Adan Corporate,41,Adan Corporate provides a wide range of bespoke advisory services to small and medium sized enterprises at every step of the value creation journey.,148,,0,1,1592,,no,,,en,"width=device-width, initial-scale=1",,12,0,211,13,0,9281928bbe506e20,60d2f74c9e3f5c28,326
https://www.adancorporate.com/en-uk/strategy/international-expansion.html,200,3,,text/html,International Expansion | Adan Corporate,40,Adan Corporate provides a wide range of bespoke advisory services to small and medium sized enterprises at every step of the value creation journey.,148,,0,1,1509,,no,,,en,"width=device-width, initial-scale=1",,10,0,209,11,0,178ee1b828f75afa,a5296c6f1bb21471,351
https://www.adancorporate.com/en-uk/strategy/index-strategy-services.html,200,3,,text/html,Index - Strategy Services | Adan Corporate,42,Adan Corporate provides a wide range of bespoke advisory services to small and medium sized enterprises at every step of the value creation journey.,148,,0,1,630,,no,,,en,"width=device-width, initial-scale=1",,7,0,208,5,0,b117cf0ec7b48516,27473b62209944e3,359
https://www.adancorporate.com/en-uk/strategy/geopolitical-strategy.html,200,3,,text/html,Geopolitical Strategy | Adan Corporate,38,Adan Corporate provides a wide range of bespoke advisory services to small and medium sized enterprises at every step of the value creation journey.,148,,0,1,1532,,no,,,en,"width=device-width, initial-scale=1",,6,0,206,8,0,8b00c7fed2a15a30,6a341049f3e0a64f,555
https://www.adancorporate.com/en-uk/strategy/future-visioning.html,200,3,,text/html,Future Visioning | Adan Corporate,33,Adan Corporate provides a wide range of bespoke advisory services to small and medium sized enterprises at every step of the value creation journey.,148,,0,1,1901,,no,,,en,"width=device-width, initial-scale=1",,9,0,206,8,0,def9e27d024442c8,970101fc986065a6,304
https://www.adancorporate.com/en-uk/strategy/index-ned-board-advisory.html,200,3,,text/html,Index - NED & Board Advisory | Adan Corporate,45,Adan Corporate provides a wide range of bespoke advisory services to small and medium sized enterprises at every step of the value creation journey.,148,,0,1,628,,no,,,en,"width=device-width, initial-scale=1",,5,0,206,5,0,df9d384550065b6e,7d53118d509336a4,301
https://www.adancorporate.com/en-uk/strategy/non-executive-directors-ned.html,200,3,,text/html,Non-Executive Directors (NED) | Adan Corporate,46,Adan Corporate provides a wide range of bespoke advisory services to small and medium sized enterprises at every step of the value creation journey.,148,,0,1,2162,,no,,,en,"width=device-width, initial-scale=1",,14,0,214,16,0,dd0d1627a738c514,26291ddb8008d276,298
https://www.adancorporate.com/en-uk/strategy/board-advisors.html,200,3,,text/html,Board Advisors | Adan Corporate,31,Adan Corporate provides a wide range of bespoke advisory services to small and medium sized enterprises at every step of the value creation journey.,148,,0,1,1828,,no,,,en,"width=device-width, initial-scale=1",,14,0,214,16,0,d78911a1ce22b41b,8db15c53b8cca0a2,323
https://www.adancorporate.com/en-uk/strategy/mentors.html,200,3,,text/html,Mentors | Adan Corporate,24,Adan Corporate provides a wide range of bespoke advisory services to small and medium sized enterprises at every step of the value creation journey.,148,,0,0,1104,,no,,,en,"width=device-width, initial-scale=1",,3,0,203,5,0,7611951ce84dac48,227fd90076fd8a1d,323
https://www.adancorporate.com/en-uk/strategy/index-interim-management.html,200,3,,text/html,Index - Interim Management | Adan Corporate,43,Adan Corporate provides a wide range of bespoke advisory services to small and medium sized enterprises at every step of the value creation journey.,148,,0,1,637,,no,,,en,"width=device-width, initial-scale=1",,9,0,210,5,0,b52c6e2055b135d6,754b78047ec5e8d4,455
https://www.adancorporate.com/en-uk/strategy/interim-ceo-managing-director.html,200,3,,text/html,Interim CFO | Adan Corporate,28,Adan Corporate provides a wide range of bespoke advisory services to small and medium sized enterprises at every step of the value creation journey.,148,,0,0,630,,no,,,en,"width=device-width, initial-scale=1",,3,0,203,5,0,5083ed6aa92bc6f6,83a326228ede07c0,344
https://www.adancorporate.com/en-uk/strategy/interim-cfo.html,200,3,,text/html,Interim CFO | Adan Corporate,28,Adan Corporate provides a wide range of bespoke advisory services to small and medium sized enterprises at every step of the value creation journey.,148,,0,0,630,,no,,,en,"width=device-width, initial-scale=1",,3,0,203,5,0,5083ed6aa92bc6f6,83a326228ede07c0,285
https://www.adancorporate.com/en-uk/strategy/interim-sales-head.html,200,3,,text/html,Interim CFO | Adan Corporate,28,Adan Corporate provides a wide range of bespoke advisory services to small and medium sized enterprises at every step of the value creation journey.,148,,0,0,630,,no,,,en,"width=device-width, initial-scale=1",,3,0,203,5,0,5083ed6aa92bc6f6,83a326228ede07c0,286
https://www.adancorporate.com/en-uk/strategy/interim-cmo.html,200,3,,text/html,Interim CFO | Adan Corporate,28,Adan Corporate provides a wide range of bespoke advisory services to small and medium sized enterprises at every step of the value creation journey.,148,,0,0,630,,no,,,en,"width=device-width, initial-scale=1",,3,0,203,5,0,5083ed6aa92bc6f6,83a326228ede07c0,345
https://www.adancorporate.com/en-uk/strategy/interim-coo.html,200,3,,text/html,Interim CFO | Adan Corporate,28,Adan Corporate provides a wide range of bespoke advisory services to small and medium sized enterprises at every step of the value creation journey.,148,,0,0,630,,no,,,en,"width=device-width, initial-scale=1",,3,0,203,5,0,5083ed6aa92bc6f6,83a326228ede07c0,303
https://www.adancorporate.com/en-uk/strategy/interim-cto.html,200,3,,text/html,Interim CFO | Adan Corporate,28,Adan Corporate provides a wide range of bespoke advisory services to small and medium sized enterprises at every step of the value creation journey.,148,,0,0,630,,no,,,en,"width=device-width, initial-scale=1",,3,0,203,5,0,5083ed6aa92bc6f6,83a326228ede07c0,344
https://www.adancorporate.com/en-uk/strategy/interim-cro.html,200,3,,text/html,Interim CFO | Adan Corporate,28,Adan Corporate provides a wide range of bespoke advisory services to small and medium sized enterprises at every step of the value creation journey.,148,,0,0,630,,no,,,en,"width=device-width, initial-scale=1",,3,0,203,5,0,5083ed6aa92bc6f6,83a326228ede07c0,284
https://www.adancorporate.com/en-uk/risk-management/index-risk-management.html,200,3,,text/html,Index - Risk Management | Adan Corporate,40,Adan Corporate provides a wide range of bespoke advisory services to small and medium sized enterprises at every step of the value creation journey.,148,,0,7,722,,no,,,en,"width=device-width, initial-scale=1",,28,0,229,5,0,2c775af12f21cdb6,c9ee11300dd5d758,340
https://www.adancorporate.com/en-uk/risk-management/index-enterprise-risk.html,200,3,,text/html,Index - Enterprise Risk | Adan Corporate,40,Adan Corporate provides a wide range of bespoke advisory services to small and medium sized enterprises at every step of the value creation journey.,148,,0,1,632,,no,,,en,"width=device-width, initial-scale=1",,7,0,208,5,0,ac0e25812bf41499,5b046267351cf1a8,303
https://www.adancorporate.com/en-uk/risk-management/enterprise-risk-management.html,200,3,,text/html,Enterprise Risk Management | Adan Corporate,43,Adan Corporate provides a wide range of bespoke advisory services to small and medium sized enterprises at every step of the value creation journey.,148,,0,1,1948,,no,,,en,"width=device-width, initial-scale=1",,12,0,210,12,0,2ccc6a65306c9cbe,64c563d64ce7deb3,293
https://www.adancorporate.com/en-uk/risk-management/risk-management-strategy.html,200,3,,text/html,Risk Management Strategy | Adan Corporate,41,Adan Corporate provides a wide range of bespoke advisory services to small and medium sized enterprises at every step of the value creation journey.,148,,0,1,1533,,no,,,en,"width=device-width, initial-scale=1",,11,0,209,11,0,adeb6f5bb047fd1b,905547e0c9cd3d46,308
https://www.adancorporate.com/en-uk/risk-management/operational-risk.html,200,3,,text/html,Operational Risk | Adan Corporate,33,Adan Corporate provides a wide range of bespoke advisory services to small and medium sized enterprises at every step of the value creation journey.,148,,0,1,1662,,no,,,en,"width=device-width, initial-scale=1",,11,0,210,12,0,31de24f6614da971,f92f18707c993fcb,349
https://www.adancorporate.com/en-uk/risk-management/risk-reporting.html,200,3,,text/html,Risk Reporting | Adan Corporate,31,Adan Corporate provides a wide range of bespoke advisory services to small and medium sized enterprises at every step of the value creation journey.,148,,0,1,2509,,no,,,en,"width=device-width, initial-scale=1",,12,0,209,11,0,94b8821a59257034,b479581102ac9c7a,439
https://www.adancorporate.com/en-uk/risk-management/risk-management-training.html,200,3,,text/html,Risk Management Training | Adan Corporate,41,Adan Corporate provides a wide range of bespoke advisory services to small and medium sized enterprises at every step of the value creation journey.,148,,0,1,1663,,no,,,en,"width=device-width, initial-scale=1",,11,0,209,11,0,bef06c1ec6b841e8,69430ea3c8191b65,349
https://www.adancorporate.com/en-uk/risk-management/index-financial-risk-management.html,200,3,,text/html,Index - Financial Risk Management | Adan Corporate,50,Adan Corporate provides a wide range of bespoke advisory services to small and medium sized enterprises at every step of the value creation journey.,148,,0,1,630,,no,,,en,"width=device-width, initial-scale=1",,6,0,207,5,0,b03baac3fd20ffc7,7b6f83c805398359,292
https://www.adancorporate.com/en-uk/risk-management/market-risk.html,200,3,,text/html,Market Risk | Adan Corporate,28,Adan Corporate provides a wide range of bespoke advisory services to small and medium sized enterprises at every step of the value creation journey.,148,,0,1,1877,,no,,,en,"width=device-width, initial-scale=1",,11,0,207,9,0,0a593c7d8e404028,6ba90b014af7ec04,359
https://www.adancorporate.com/en-uk/risk-management/credit-risk.html,200,3,,text/html,Credit Risk | Adan Corporate,28,Adan Corporate provides a wide range of bespoke advisory services to small and medium sized enterprises at every step of the value creation journey.,148,,0,1,2349,,no,,,en,"width=device-width, initial-scale=1",,14,0,209,11,0,773f20c9abce7a8a,6378ed30d8907be1,285
https://www.adancorporate.com/en-uk/risk-management/regulatory-risk.html,200,3,,text/html,Regulatory Risk | Adan Corporate,32,Adan Corporate provides a wide range of bespoke advisory services to small and medium sized enterprises at every step of the value creation journey.,148,,0,1,1824,,no,,,en,"width=device-width, initial-scale=1",,10,0,209,11,0,ee874ffda808f2e9,053478701337b5a5,282
https://www.adancorporate.com/en-uk/risk-management/treasury-liquidity-risk.html,200,3,,text/html,Treasury and Liquidity Risk | Adan Corporate,44,Adan Corporate provides a wide range of bespoke advisory services to small and medium sized enterprises at every step of the value creation journey.,148,,0,1,2143,,no,,,en,"width=device-width, initial-scale=1",,7,0,205,7,0,958a02b42e50ce84,1875b959c492da51,455
https://www.adancorporate.com/en-uk/risk-management/index-business-risk-management.html,200,3,,text/html,Index - Business Risk Management | Adan Corporate,49,Adan Corporate provides a wide range of bespoke advisory services to small and medium sized enterprises at every step of the value creation journey.,148,,0,1,634,,no,,,en,"width=device-width, initial-scale=1",,6,0,207,5,0,bfca575a97b9b8a0,43bcf7bd20f4229f,400
https://www.adancorporate.com/en-uk/risk-management/risk-management-for-pe-funds.html,200,3,,text/html,Risk Management for PE Funds | Adan Corporate,45,Adan Corporate provides a wide range of bespoke advisory services to small and medium sized enterprises at every step of the value creation journey.,148,,0,0,630,,no,,,en,"width=device-width, initial-scale=1",,3,0,203,5,0,5083ed6aa92bc6f6,83a326228ede07c0,628
https://www.adancorporate.com/en-uk/risk-management/risk-management-for-smes.html,200,3,,text/html,Risk Management for SMEs | Adan Corporate,41,Adan Corporate provides a wide range of bespoke advisory services to small and medium sized enterprises at every step of the value creation journey.,148,,0,0,630,,no,,,en,"width=device-width, initial-scale=1",,3,0,203,5,0,5083ed6aa92bc6f6,83a326228ede07c0,325
https://www.adancorporate.com/en-uk/risk-management/geopolitical-risk.html,200,3,,text/html,Geopolitical risk | Adan Corporate,34,Adan Corporate provides a wide range of bespoke advisory services to small and medium sized enterprises at every step of the value creation journey.,148,,0,1,1462,,no,,,en,"width=device-width, initial-scale=1",,5,0,205,7,0,9b9f903da1af195f,008878d29eb50803,287
https://www.adancorporate.com/en-uk/risk-management/index-internal-audit.html,200,3,,text/html,Index - Internal Audit | Adan Corporate,39,Adan Corporate provides a wide range of bespoke advisory services to small and medium sized enterprises at every step of the value creation journey.,148,,0,1,623,,no,,,en,"width=device-width, initial-scale=1",,3,0,204,5,0,70a712f96d8446f4,27473b62209944e3,345
https://www.adancorporate.com/en-uk/risk-management/internal-audit.html,200,3,,text/html,Internal Audit | Adan Corporate,31,Adan Corporate provides a wide range of bespoke advisory services to small and medium sized enterprises at every step of the value creation journey.,148,,0,1,2126,,no,,,en,"width=device-width, initial-scale=1",,10,0,207,9,0,6ad34c8d25b646ef,6d4d1ecbd7df712b,382
https://www.adancorporate.com/en-uk/risk-management/index-compliance-and-regulatory.html,200,3,,text/html,Index - Compliance and Regulatory | Adan Corporate,50,Adan Corporate provides a wide range of bespoke advisory services to small and medium sized enterprises at every step of the value creation journey.,148,,0,1,629,,no,,,en,"width=device-width, initial-scale=1",,6,0,207,5,0,e1a387232a9b6694,27473b62209944e3,305
https://www.adancorporate.com/en-uk/risk-management/sox-advisory.html,200,3,,text/html,SOX Advisory | Adan Corporate,29,Adan Corporate provides a wide range of bespoke advisory services to small and medium sized enterprises at every step of the value creation journey.,148,,0,2,2529,,no,,,en,"width=device-width, initial-scale=1",,8,0,206,8,0,d96cfe88755069f3,fe52f06ffba93e5b,337
https://www.adancorporate.com/en-uk/risk-management/sox-implementation.html,200,3,,text/html,SOX Implementation | Adan Corporate,35,Adan Corporate provides a wide range of bespoke advisory services to small and medium sized enterprises at every step of the value creation journey.,148,,0,1,2235,,no,,,en,"width=device-width, initial-scale=1",,8,0,206,8,0,14f1ef69cd1c00d4,2ce7ffcfd286d4b1,346
https://www.adancorporate.com/en-uk/risk-management/iso-27001.html,200,3,,text/html,ISO 27001 | Adan Corporate,26,Adan Corporate provides a wide range of bespoke advisory services to small and medium sized enterprises at every step of the value creation journey.,148,,0,1,1124,,no,,,en,"width=device-width, initial-scale=1",,9,0,205,7,0,6eeb40cc8a620491,f9456010f014fb04,344
https://www.adancorporate.com/en-uk/risk-management/soc1-and-soc2.html,200,3,,text/html,SOC1 and SOC2 | Adan Corporate,30,Adan Corporate provides a wide range of bespoke advisory services to small and medium sized enterprises at every step of the value creation journey.,148,,0,1,1508,,no,,,en,"width=device-width, initial-scale=1",,9,0,205,7,0,16966a58f0224d83,6b15cc74e2583e50,379
https://www.adancorporate.com/en-uk/risk-management/index-technology-risk-and-governance.html,404,3,,text/html,Adan Corporate - 404 Page not found,35,,0,,0,0,0,,no,,,,,,1,0,0,0,0,d41d8cd98f00b204,,379
https://www.adancorporate.com/en-uk/risk-management/it-governance.html,200,3,,text/html,IT Governance | Adan Corporate,30,Adan Corporate provides a wide range of bespoke advisory services to small and medium sized enterprises at every step of the value creation journey.,148,,0,1,2069,,no,,,en,"width=device-width, initial-scale=1",,9,0,205,7,0,2f5ba77ea984cf04,ea519dfa35f13298,292
https://www.adancorporate.com/en-uk/risk-management/grc-governance-risk-and-compliance.html,200,3,,text/html,"GRC - Governance, Risk and Compliance | Adan Corporate",54,Adan Corporate provides a wide range of bespoke advisory services to small and medium sized enterprises at every step of the value creation journey.,148,,0,1,2172,,no,,,en,"width=device-width, initial-scale=1",,9,0,205,7,0,a3a58bd426754f67,5bcd6a4d35e42c70,343
https://www.adancorporate.com/en-uk/risk-management/erp-control-and-assurance.html,200,3,,text/html,ERP Security and Controls | Adan Corporate,42,Adan Corporate provides a wide range of bespoke advisory services to small and medium sized enterprises at every step of the value creation journey.,148,,0,1,1654,,no,,,en,"width=device-width, initial-scale=1",,8,0,205,7,0,e6fd1c1cd941b655,767a82dfa8a67c44,350
https://www.adancorporate.com/en-uk/risk-management/data-assurance.html,200,3,,text/html,Data Assurance | Adan Corporate,31,Adan Corporate provides a wide range of bespoke advisory services to small and medium sized enterprises at every step of the value creation journey.,148,,0,1,1517,,no,,,en,"width=device-width, initial-scale=1",,8,0,206,8,0,f5b7fcca6c0bcc65,40fab4eab5d69e91,330
https://www.adancorporate.com/en-uk/risk-management/business-continuity.html,200,3,,text/html,Business Continuity | Adan Corporate,36,Adan Corporate provides a wide range of bespoke advisory services to small and medium sized enterprises at every step of the value creation journey.,148,,0,1,1896,,no,,,en,"width=device-width, initial-scale=1",,7,0,205,7,0,9a357f351a078a04,4e75fa23535ee359,287
https://www.adancorporate.com/en-uk/risk-management/disaster-recovery-and-resilience.html,200,3,,text/html,Disaster Recovery and Resilience | Adan Corporate,49,Adan Corporate provides a wide range of bespoke advisory services to small and medium sized enterprises at every step of the value creation journey.,148,,0,1,2424,,no,,,en,"width=device-width, initial-scale=1",,7,0,205,7,0,1da8f5e3b157af4e,fd9e57304406e2d0,316
https://www.adancorporate.com/en-uk/risk-management/vendor-risk.html,200,3,,text/html,Vendor Risk | Adan Corporate,28,Adan Corporate provides a wide range of bespoke advisory services to small and medium sized enterprises at every step of the value creation journey.,148,,0,1,2000,,no,,,en,"width=device-width, initial-scale=1",,8,0,205,7,0,1167758e1582f057,04cf5bc488926017,285
https://www.adancorporate.com/en-uk/risk-management/cloud-risk.html,200,3,,text/html,Cloud Risk | Adan Corporate,27,Adan Corporate provides a wide range of bespoke advisory services to small and medium sized enterprises at every step of the value creation journey.,148,,0,0,630,,no,,,en,"width=device-width, initial-scale=1",,3,0,203,5,0,5083ed6aa92bc6f6,83a326228ede07c0,285
https://www.adancorporate.com/en-uk/covid-19/index-covid-19-services.html,200,3,,text/html,Index - COVID-19 Services | Adan Corporate,42,Adan Corporate provides a wide range of bespoke advisory services to small and medium sized enterprises at every step of the value creation journey.,148,,0,1,649,,no,,,,"width=device-width, initial-scale=1",,9,0,210,5,0,175307c92432206d,97e73bdbbf4d24e0,364
https://www.adancorporate.com/en-uk/covid-19/covid-19-business-impact-analysis.html,200,3,,text/html,COVID-19 Business Impact Analysis | Adan Corporate,50,Adan Corporate provides a wide range of bespoke advisory services to small and medium sized enterprises at every step of the value creation journey.,148,,0,2,2222,,no,,,en,"width=device-width, initial-scale=1",,17,0,220,18,0,304083402644c5a7,3f97a320b97d7f3c,311
https://www.adancorporate.com/en-uk/covid-19/covid-19-risk-management.html,200,3,,text/html,COVID-19 Risk management | Adan Corporate,41,Adan Corporate provides a wide range of bespoke advisory services to small and medium sized enterprises at every step of the value creation journey.,148,,0,2,2702,,no,,,en,"width=device-width, initial-scale=1",,16,0,220,18,0,dabf2464ec47dad3,2b1b64a686ff4b9e,284
https://www.adancorporate.com/en-uk/covid-19/covid-19-cash-flow-management.html,200,3,,text/html,COVID-19 Cash Flow Management | Adan Corporate,46,Adan Corporate provides a wide range of bespoke advisory services to small and medium sized enterprises at every step of the value creation journey.,148,,0,2,2335,,no,,,en,"width=device-width, initial-scale=1",,18,0,220,18,0,d191f59b59453a13,807e1ce6490e6097,286
https://www.adancorporate.com/en-uk/covid-19/covid-19-restructuring.html,200,3,,text/html,COVID-19 Restructuring | Adan Corporate,39,Adan Corporate provides a wide range of bespoke advisory services to small and medium sized enterprises at every step of the value creation journey.,148,,0,2,2148,,no,,,en,"width=device-width, initial-scale=1",,18,0,220,18,0,ea2e0056ac244ead,fcd3f422e03da39f,287
https://www.adancorporate.com/en-uk/covid-19/covid-19-business-continuity-and-resilience.html,200,3,,text/html,COVID-19 Business continuity & resilience | Adan Corporate,58,Adan Corporate provides a wide range of bespoke advisory services to small and medium sized enterprises at every step of the value creation journey.,148,,0,2,2833,,no,,,en,"width=device-width, initial-scale=1",,17,0,220,18,0,e9b7db07e4b76fac,71fb7372d77f6b98,292
https://www.adancorporate.com/en-uk/covid-19/covid-19-technology-it-continuity.html,200,3,,text/html,COVID-19 Technology (IT) continuity | Adan Corporate,52,Adan Corporate provides a wide range of bespoke advisory services to small and medium sized enterprises at every step of the value creation journey.,148,,0,2,2970,,no,,,en,"width=device-width, initial-scale=1",,16,0,220,18,0,06d60a2d40733aa1,664612f6c8f53fe9,289
